target,kind,cal,rep,fold,roc_auc,pr_auc,accuracy,precision,recall,f1,brier
Cath,logreg,raw,0,0,0.9839572192513368,0.9940816843256004,0.9016393442622951,0.9130434782608695,0.9545454545454546,0.9333333333333333,0.07318472117185593
Cath,logreg,platt,0,0,0.9839572192513368,0.9940816843256004,0.9180327868852459,0.9333333333333333,0.9545454545454546,0.9438202247191011,0.05466524884104729
Cath,logreg,iso,0,0,0.9872994652406417,0.9941057089267922,0.9344262295081968,0.9545454545454546,0.9545454545454546,0.9545454545454546,0.05095675215125084
Cath,rf,raw,0,0,0.9598930481283423,0.9848027516907003,0.9180327868852459,0.9148936170212766,0.9772727272727273,0.945054945054945,0.10450802661535992
Cath,rf,platt,0,0,0.9598930481283423,0.9848027516907003,0.8852459016393442,0.9111111111111111,0.9318181818181818,0.9213483146067416,0.07769919022547073
Cath,rf,iso,0,0,0.9525401069518717,0.9810773721750778,0.8688524590163934,0.95,0.8636363636363636,0.9047619047619048,0.08255986117179241
Cath,xgb,raw,0,0,0.9772727272727273,0.9918686821388314,0.9180327868852459,0.9333333333333333,0.9545454545454546,0.9438202247191011,0.06587906926870346
Cath,xgb,platt,0,0,0.9772727272727273,0.9918686821388314,0.9180327868852459,0.9333333333333333,0.9545454545454546,0.9438202247191011,0.07056453824043274
Cath,xgb,iso,0,0,0.9759358288770054,0.9863855882541371,0.9180327868852459,0.9333333333333333,0.9545454545454546,0.9438202247191011,0.06764999032020569
Cath,logreg,raw,0,1,0.9534883720930233,0.9778870354884048,0.9016393442622951,0.8775510204081632,1.0,0.9347826086956522,0.08994907885789871
Cath,logreg,platt,0,1,0.9534883720930233,0.9778870354884048,0.9180327868852459,0.8958333333333334,1.0,0.945054945054945,0.07261732965707779
Cath,logreg,iso,0,1,0.9515503875968991,0.9733607684789161,0.9016393442622951,0.8775510204081632,1.0,0.9347826086956522,0.07456997781991959
Cath,rf,raw,0,1,0.9496124031007752,0.9684647778408013,0.8688524590163934,0.8431372549019608,1.0,0.9148936170212766,0.10843254483856667
Cath,rf,platt,0,1,0.9496124031007752,0.9684647778408013,0.8852459016393442,0.875,0.9767441860465116,0.9230769230769231,0.06867045157662677
Cath,rf,iso,0,1,0.9489664082687338,0.9608688541412794,0.9016393442622951,0.8775510204081632,1.0,0.9347826086956522,0.07267030471408902
Cath,xgb,raw,0,1,0.9457364341085271,0.9608551372526832,0.9016393442622951,0.8936170212765957,0.9767441860465116,0.9333333333333333,0.07550398260354996
Cath,xgb,platt,0,1,0.9457364341085271,0.9608551372526832,0.9180327868852459,0.9130434782608695,0.9767441860465116,0.9438202247191011,0.06892189383506775
Cath,xgb,iso,0,1,0.9476744186046511,0.9573484622831238,0.9344262295081968,0.9333333333333333,0.9767441860465116,0.9545454545454546,0.05840015783905983
Cath,logreg,raw,0,2,0.9121447028423773,0.9587883354723257,0.8524590163934426,0.8695652173913043,0.9302325581395349,0.898876404494382,0.11342728137969971
Cath,logreg,platt,0,2,0.9121447028423773,0.9587883354723257,0.9016393442622951,0.9302325581395349,0.9302325581395349,0.9302325581395349,0.09768149256706238
Cath,logreg,iso,0,2,0.8992248062015503,0.9402893910930874,0.9016393442622951,0.9302325581395349,0.9302325581395349,0.9302325581395349,0.0885731428861618
Cath,rf,raw,0,2,0.8888888888888888,0.9508362549586282,0.8360655737704918,0.8367346938775511,0.9534883720930233,0.8913043478260869,0.13283146718926792
Cath,rf,platt,0,2,0.8888888888888888,0.9508362549586282,0.819672131147541,0.8636363636363636,0.8837209302325582,0.8735632183908046,0.11896905681875741
Cath,rf,iso,0,2,0.8888888888888888,0.9402100067702406,0.8360655737704918,0.8666666666666667,0.9069767441860465,0.8863636363636364,0.1159183661911382
Cath,xgb,raw,0,2,0.8992248062015503,0.9546600251330037,0.8524590163934426,0.8863636363636364,0.9069767441860465,0.896551724137931,0.11640968173742294
Cath,xgb,platt,0,2,0.8992248062015503,0.9546600251330037,0.8524590163934426,0.8863636363636364,0.9069767441860465,0.896551724137931,0.11692839115858078
Cath,xgb,iso,0,2,0.9031007751937985,0.9529215725444059,0.8852459016393442,0.875,0.9767441860465116,0.9230769230769231,0.108740895986557
Cath,logreg,raw,0,3,0.9370725034199726,0.9770398959145987,0.85,0.925,0.8604651162790697,0.891566265060241,0.09497710317373276
Cath,logreg,platt,0,3,0.9370725034199726,0.9770398959145987,0.8833333333333333,0.9736842105263158,0.8604651162790697,0.9135802469135802,0.09315726161003113
Cath,logreg,iso,0,3,0.9350205198358413,0.9745587731240178,0.8833333333333333,0.9736842105263158,0.8604651162790697,0.9135802469135802,0.08669169247150421
Cath,rf,raw,0,3,0.9398084815321477,0.9791185002830857,0.8333333333333334,0.8666666666666667,0.9069767441860465,0.8863636363636364,0.10495882756296836
Cath,rf,platt,0,3,0.9398084815321477,0.9791185002830857,0.9,0.9512195121951219,0.9069767441860465,0.9285714285714286,0.08686592024399656
Cath,rf,iso,0,3,0.9357045143638851,0.9708381350987758,0.8833333333333333,0.9285714285714286,0.9069767441860465,0.9176470588235294,0.09297412237668806
Cath,xgb,raw,0,3,0.9425444596443229,0.9790449956524032,0.8833333333333333,0.95,0.8837209302325582,0.9156626506024096,0.08836894482374191
Cath,xgb,platt,0,3,0.9425444596443229,0.9790449956524032,0.8833333333333333,0.95,0.8837209302325582,0.9156626506024096,0.08961115032434464
Cath,xgb,iso,0,3,0.9514363885088919,0.9781050302888079,0.9,0.9512195121951219,0.9069767441860465,0.9285714285714286,0.08567437529563904
Cath,logreg,raw,0,4,0.8987688098495211,0.9650907873275312,0.7666666666666667,0.8085106382978723,0.8837209302325582,0.8444444444444444,0.12433689087629318
Cath,logreg,platt,0,4,0.8987688098495211,0.9650907873275312,0.8333333333333334,0.8837209302325582,0.8837209302325582,0.8837209302325582,0.1273246556520462
Cath,logreg,iso,0,4,0.8987688098495212,0.961242581043647,0.8333333333333334,0.8837209302325582,0.8837209302325582,0.8837209302325582,0.13025766611099243
Cath,rf,raw,0,4,0.8659370725034199,0.9483853258862533,0.7833333333333333,0.8260869565217391,0.8837209302325582,0.8539325842696629,0.13460848106986092
Cath,rf,platt,0,4,0.8659370725034199,0.9483853258862533,0.8,0.8444444444444444,0.8837209302325582,0.8636363636363636,0.15070616294799827
Cath,rf,iso,0,4,0.8556771545827634,0.9345794339338334,0.8,0.8444444444444444,0.8837209302325582,0.8636363636363636,0.15895002267002462
Cath,xgb,raw,0,4,0.826265389876881,0.9319921167844815,0.7833333333333333,0.8260869565217391,0.8837209302325582,0.8539325842696629,0.16652290523052216
Cath,xgb,platt,0,4,0.826265389876881,0.9319921167844815,0.8,0.8444444444444444,0.8837209302325582,0.8636363636363636,0.17026002705097198
Cath,xgb,iso,0,4,0.7913816689466484,0.8909265079364914,0.8,0.8444444444444444,0.8837209302325582,0.8636363636363636,0.1725708395242691
Cath,logreg,raw,1,0,0.910427807486631,0.962542785398575,0.8524590163934426,0.9069767441860465,0.8863636363636364,0.896551724137931,0.10246088355779648
Cath,logreg,platt,1,0,0.910427807486631,0.962542785398575,0.8360655737704918,0.9047619047619048,0.8636363636363636,0.8837209302325582,0.09769055247306824
Cath,logreg,iso,1,0,0.911096256684492,0.9554368875323012,0.8524590163934426,0.9069767441860465,0.8863636363636364,0.896551724137931,0.09126392006874084
Cath,rf,raw,1,0,0.8890374331550801,0.9493313536611808,0.8524590163934426,0.8723404255319149,0.9318181818181818,0.9010989010989011,0.12440092718308829
Cath,rf,platt,1,0,0.8890374331550801,0.9493313536611808,0.8360655737704918,0.925,0.8409090909090909,0.8809523809523809,0.12004968968929972
Cath,rf,iso,1,0,0.8850267379679144,0.9266977918699069,0.8360655737704918,0.84,0.9545454545454546,0.8936170212765957,0.11432124858353121
Cath,xgb,raw,1,0,0.8997326203208555,0.9324802739588184,0.8852459016393442,0.9111111111111111,0.9318181818181818,0.9213483146067416,0.09777042269706726
Cath,xgb,platt,1,0,0.8997326203208555,0.9324802739588184,0.8852459016393442,0.9111111111111111,0.9318181818181818,0.9213483146067416,0.0985744521021843
Cath,xgb,iso,1,0,0.9010695187165776,0.924720708420038,0.8688524590163934,0.8913043478260869,0.9318181818181818,0.9111111111111111,0.09782785922288895
Cath,logreg,raw,1,1,0.9715762273901809,0.9893826156519243,0.9180327868852459,0.9130434782608695,0.9767441860465116,0.9438202247191011,0.07808245718479156
Cath,logreg,platt,1,1,0.9715762273901809,0.9893826156519243,0.9508196721311475,0.9545454545454546,0.9767441860465116,0.9655172413793104,0.06087549030780792
Cath,logreg,iso,1,1,0.9715762273901809,0.987852216407306,0.9508196721311475,0.9545454545454546,0.9767441860465116,0.9655172413793104,0.06333091109991074
Cath,rf,raw,1,1,0.975452196382429,0.9921429509919855,0.9180327868852459,0.9130434782608695,0.9767441860465116,0.9438202247191011,0.09330606949965295
Cath,rf,platt,1,1,0.975452196382429,0.9921429509919855,0.9344262295081968,0.9534883720930233,0.9534883720930233,0.9534883720930233,0.05159826424339014
Cath,rf,iso,1,1,0.9741602067183462,0.9875265909500631,0.9344262295081968,0.9534883720930233,0.9534883720930233,0.9534883720930233,0.05501392821691538
Cath,xgb,raw,1,1,0.9741602067183462,0.98984192366357,0.9180327868852459,0.9523809523809523,0.9302325581395349,0.9411764705882353,0.06431902945041656
Cath,xgb,platt,1,1,0.9741602067183462,0.98984192366357,0.9180327868852459,0.9523809523809523,0.9302325581395349,0.9411764705882353,0.06654464453458786
Cath,xgb,iso,1,1,0.9728682170542635,0.9881375129887839,0.9344262295081968,0.9534883720930233,0.9534883720930233,0.9534883720930233,0.06618353724479675
Cath,logreg,raw,1,2,0.9056847545219638,0.9601932376545685,0.819672131147541,0.8809523809523809,0.8604651162790697,0.8705882352941177,0.11059841513633728
Cath,logreg,platt,1,2,0.9056847545219638,0.9601932376545685,0.8360655737704918,0.8837209302325582,0.8837209302325582,0.8837209302325582,0.11189175397157669
Cath,logreg,iso,1,2,0.9257105943152455,0.9670407851236976,0.8360655737704918,0.9024390243902439,0.8604651162790697,0.8809523809523809,0.11982373148202896
Cath,rf,raw,1,2,0.9121447028423773,0.9617976456224495,0.8360655737704918,0.8367346938775511,0.9534883720930233,0.8913043478260869,0.12206261290006123
Cath,rf,platt,1,2,0.9121447028423773,0.9617976456224495,0.8360655737704918,0.8666666666666667,0.9069767441860465,0.8863636363636364,0.11076502506410683
Cath,rf,iso,1,2,0.9031007751937984,0.9503085930557394,0.8360655737704918,0.8666666666666667,0.9069767441860465,0.8863636363636364,0.1115446527517735
Cath,xgb,raw,1,2,0.91343669250646,0.9588176556741694,0.8688524590163934,0.8888888888888888,0.9302325581395349,0.9090909090909091,0.10226968675851822
Cath,xgb,platt,1,2,0.91343669250646,0.9588176556741694,0.8524590163934426,0.8695652173913043,0.9302325581395349,0.898876404494382,0.10403340309858322
Cath,xgb,iso,1,2,0.9089147286821706,0.9540916335893571,0.8524590163934426,0.8695652173913043,0.9302325581395349,0.898876404494382,0.11029825359582901
Cath,logreg,raw,1,3,0.9261285909712723,0.9720660283221879,0.8666666666666667,0.8888888888888888,0.9302325581395349,0.9090909090909091,0.10632121562957764
Cath,logreg,platt,1,3,0.9261285909712723,0.9720660283221879,0.8833333333333333,0.9090909090909091,0.9302325581395349,0.9195402298850575,0.09568129479885101
Cath,logreg,iso,1,3,0.9302325581395349,0.9696635484356614,0.8833333333333333,0.9285714285714286,0.9069767441860465,0.9176470588235294,0.08715338259935379
Cath,rf,raw,1,3,0.9247606019151847,0.971706843141591,0.8166666666666667,0.82,0.9534883720930233,0.8817204301075269,0.1191545125063904
Cath,rf,platt,1,3,0.9247606019151847,0.971706843141591,0.8666666666666667,0.8888888888888888,0.9302325581395349,0.9090909090909091,0.10379685441141069
Cath,rf,iso,1,3,0.9151846785225718,0.9618436530203975,0.85,0.8541666666666666,0.9534883720930233,0.9010989010989011,0.10329832484406985
Cath,xgb,raw,1,3,0.9028727770177838,0.9615876744785257,0.8166666666666667,0.8478260869565217,0.9069767441860465,0.8764044943820225,0.11388421058654785
Cath,xgb,platt,1,3,0.9028727770177838,0.9615876744785257,0.8166666666666667,0.8478260869565217,0.9069767441860465,0.8764044943820225,0.11431170254945755
Cath,xgb,iso,1,3,0.9021887824897401,0.9558795814682686,0.8666666666666667,0.9069767441860465,0.9069767441860465,0.9069767441860465,0.10039553791284561
Cath,logreg,raw,1,4,0.9343365253077975,0.9756699781994724,0.8666666666666667,0.8888888888888888,0.9302325581395349,0.9090909090909091,0.10139581561088562
Cath,logreg,platt,1,4,0.9343365253077975,0.9756699781994724,0.85,0.8863636363636364,0.9069767441860465,0.896551724137931,0.09985194355249405
Cath,logreg,iso,1,4,0.9227086183310533,0.9659093324656,0.85,0.8863636363636364,0.9069767441860465,0.896551724137931,0.102002814412117
Cath,rf,raw,1,4,0.939124487004104,0.971814187661573,0.9,0.8936170212765957,0.9767441860465116,0.9333333333333333,0.09595648148148149
Cath,rf,platt,1,4,0.939124487004104,0.971814187661573,0.9,0.9111111111111111,0.9534883720930233,0.9318181818181818,0.07667395478065539
Cath,rf,iso,1,4,0.9445964432284542,0.9626164165154764,0.9,0.9111111111111111,0.9534883720930233,0.9318181818181818,0.07086090706604527
Cath,xgb,raw,1,4,0.9015047879616963,0.9570152835228007,0.8833333333333333,0.8913043478260869,0.9534883720930233,0.9213483146067416,0.10194621980190277
Cath,xgb,platt,1,4,0.9015047879616963,0.9570152835228007,0.8666666666666667,0.8888888888888888,0.9302325581395349,0.9090909090909091,0.10247918218374252
Cath,xgb,iso,1,4,0.9035567715458276,0.9430436368513356,0.8833333333333333,0.9090909090909091,0.9302325581395349,0.9195402298850575,0.1050226241350174
Cath,logreg,raw,2,0,0.9037433155080214,0.9569156712929339,0.8688524590163934,0.875,0.9545454545454546,0.9130434782608695,0.10629309713840485
Cath,logreg,platt,2,0,0.9037433155080214,0.9569156712929339,0.8524590163934426,0.8723404255319149,0.9318181818181818,0.9010989010989011,0.10429859906435013
Cath,logreg,iso,2,0,0.8977272727272727,0.9376571901253117,0.819672131147541,0.8235294117647058,0.9545454545454546,0.8842105263157894,0.10129600018262863
Cath,rf,raw,2,0,0.9117647058823529,0.9594136814090939,0.819672131147541,0.8235294117647058,0.9545454545454546,0.8842105263157894,0.12230402720049856
Cath,rf,platt,2,0,0.9117647058823529,0.9594136814090939,0.8360655737704918,0.8695652173913043,0.9090909090909091,0.8888888888888888,0.10418286712090513
Cath,rf,iso,2,0,0.9204545454545454,0.9588761040846214,0.8360655737704918,0.8695652173913043,0.9090909090909091,0.8888888888888888,0.10259123150291621
Cath,xgb,raw,2,0,0.8850267379679144,0.9436876335124817,0.8524590163934426,0.8723404255319149,0.9318181818181818,0.9010989010989011,0.10971180349588394
Cath,xgb,platt,2,0,0.8850267379679144,0.9436876335124817,0.8524590163934426,0.8723404255319149,0.9318181818181818,0.9010989010989011,0.11091694980859756
Cath,xgb,iso,2,0,0.8656417112299465,0.9237665687389127,0.8524590163934426,0.8723404255319149,0.9318181818181818,0.9010989010989011,0.12207161635160446
Cath,logreg,raw,2,1,0.9560723514211886,0.9825252861576915,0.8852459016393442,0.95,0.8837209302325582,0.9156626506024096,0.09246791899204254
Cath,logreg,platt,2,1,0.9560723514211886,0.9825252861576915,0.8688524590163934,0.9487179487179487,0.8604651162790697,0.9024390243902439,0.08890394121408463
Cath,logreg,iso,2,1,0.9586563307493541,0.9768443771513795,0.8524590163934426,0.9473684210526315,0.8372093023255814,0.8888888888888888,0.08950572460889816
Cath,rf,raw,2,1,0.9528423772609819,0.982791717250341,0.8852459016393442,0.9090909090909091,0.9302325581395349,0.9195402298850575,0.10453005464480875
Cath,rf,platt,2,1,0.9528423772609819,0.982791717250341,0.9016393442622951,0.9512195121951219,0.9069767441860465,0.9285714285714286,0.08042420063131182
Cath,rf,iso,2,1,0.9463824289405685,0.9757996117849239,0.8852459016393442,0.9090909090909091,0.9302325581395349,0.9195402298850575,0.09379744232084476
Cath,xgb,raw,2,1,0.9366925064599482,0.9753852779864591,0.8688524590163934,0.9069767441860465,0.9069767441860465,0.9069767441860465,0.09229966253042221
Cath,xgb,platt,2,1,0.9366925064599482,0.9753852779864591,0.8524590163934426,0.8863636363636364,0.9069767441860465,0.896551724137931,0.09350889176130295
Cath,xgb,iso,2,1,0.9205426356589147,0.9579707223124055,0.819672131147541,0.8076923076923077,0.9767441860465116,0.8842105263157894,0.10561829060316086
Cath,logreg,raw,2,2,0.8953488372093024,0.9500640686132733,0.8852459016393442,0.875,0.9767441860465116,0.9230769230769231,0.11160581558942795
Cath,logreg,platt,2,2,0.8953488372093024,0.9500640686132733,0.8688524590163934,0.8723404255319149,0.9534883720930233,0.9111111111111111,0.10702262818813324
Cath,logreg,iso,2,2,0.892764857881137,0.9357920297333546,0.8524590163934426,0.8863636363636364,0.9069767441860465,0.896551724137931,0.1186494454741478
Cath,rf,raw,2,2,0.9198966408268734,0.9598378464868476,0.8852459016393442,0.875,0.9767441860465116,0.9230769230769231,0.10792003642987248
Cath,rf,platt,2,2,0.9198966408268734,0.9598378464868476,0.9016393442622951,0.8936170212765957,0.9767441860465116,0.9333333333333333,0.09205744763477539
Cath,rf,iso,2,2,0.9089147286821706,0.9404177912454079,0.8524590163934426,0.8863636363636364,0.9069767441860465,0.896551724137931,0.10243890608582269
Cath,xgb,raw,2,2,0.905684754521964,0.9460378823129952,0.8852459016393442,0.875,0.9767441860465116,0.9230769230769231,0.08812649548053741
Cath,xgb,platt,2,2,0.905684754521964,0.9460378823129952,0.8852459016393442,0.8913043478260869,0.9534883720930233,0.9213483146067416,0.08910467475652695
Cath,xgb,iso,2,2,0.9011627906976745,0.9303213941068644,0.8852459016393442,0.8913043478260869,0.9534883720930233,0.9213483146067416,0.09730922430753708
Cath,logreg,raw,2,3,0.9370725034199726,0.9791619905777389,0.9,0.9512195121951219,0.9069767441860465,0.9285714285714286,0.09981083124876022
Cath,logreg,platt,2,3,0.9370725034199726,0.9791619905777389,0.9,0.9512195121951219,0.9069767441860465,0.9285714285714286,0.09039216488599777
Cath,logreg,iso,2,3,0.926812585499316,0.9733125354509359,0.9,0.9512195121951219,0.9069767441860465,0.9285714285714286,0.09578420966863632
Cath,rf,raw,2,3,0.9124487004103967,0.9699630089253961,0.8333333333333334,0.8666666666666667,0.9069767441860465,0.8863636363636364,0.12028545829216615
Cath,rf,platt,2,3,0.9124487004103967,0.9699630089253961,0.85,0.9047619047619048,0.8837209302325582,0.8941176470588236,0.11086212790903517
Cath,rf,iso,2,3,0.9117647058823529,0.9626751953017343,0.8333333333333334,0.8666666666666667,0.9069767441860465,0.8863636363636364,0.11260899986933257
Cath,xgb,raw,2,3,0.9179206566347469,0.9698359011204088,0.85,0.925,0.8604651162790697,0.891566265060241,0.1100459098815918
Cath,xgb,platt,2,3,0.9179206566347469,0.9698359011204088,0.85,0.925,0.8604651162790697,0.891566265060241,0.11044318228960037
Cath,xgb,iso,2,3,0.9062927496580028,0.9562191549320598,0.8666666666666667,0.926829268292683,0.8837209302325582,0.9047619047619048,0.11164823919534683
Cath,logreg,raw,2,4,0.948016415868673,0.9819270351464006,0.85,0.8863636363636364,0.9069767441860465,0.896551724137931,0.09561562538146973
Cath,logreg,platt,2,4,0.948016415868673,0.9819270351464006,0.8666666666666667,0.9069767441860465,0.9069767441860465,0.9069767441860465,0.08699863404035568
Cath,logreg,iso,2,4,0.939124487004104,0.9776866640179871,0.85,0.9047619047619048,0.8837209302325582,0.8941176470588236,0.09404852241277695
Cath,rf,raw,2,4,0.9247606019151846,0.9646391168027156,0.8833333333333333,0.8913043478260869,0.9534883720930233,0.9213483146067416,0.10563185185185184
Cath,rf,platt,2,4,0.9247606019151846,0.9646391168027156,0.9166666666666666,0.9318181818181818,0.9534883720930233,0.9425287356321839,0.08889991245214098
Cath,rf,iso,2,4,0.9316005471956225,0.9635276960301673,0.8833333333333333,0.9285714285714286,0.9069767441860465,0.9176470588235294,0.09414363554825937
Cath,xgb,raw,2,4,0.9493844049247606,0.9804610834790529,0.8833333333333333,0.9090909090909091,0.9302325581395349,0.9195402298850575,0.08419355750083923
Cath,xgb,platt,2,4,0.9493844049247606,0.9804610834790529,0.8833333333333333,0.9090909090909091,0.9302325581395349,0.9195402298850575,0.08447913080453873
Cath,xgb,iso,2,4,0.9541723666210671,0.9808049264444614,0.8666666666666667,0.8888888888888888,0.9302325581395349,0.9090909090909091,0.08441699296236038
Cath,logreg,raw,3,0,0.9425133689839572,0.9733425157127061,0.9180327868852459,0.9333333333333333,0.9545454545454546,0.9438202247191011,0.08442014455795288
Cath,logreg,platt,3,0,0.9425133689839572,0.9733425157127061,0.9016393442622951,0.9523809523809523,0.9090909090909091,0.9302325581395349,0.07476690411567688
Cath,logreg,iso,3,0,0.9378342245989305,0.9659997492037404,0.8852459016393442,0.9512195121951219,0.8863636363636364,0.9176470588235294,0.08387919515371323
Cath,rf,raw,3,0,0.929144385026738,0.9660999577933569,0.8852459016393442,0.8936170212765957,0.9545454545454546,0.9230769230769231,0.10333588342440803
Cath,rf,platt,3,0,0.929144385026738,0.9660999577933569,0.8852459016393442,0.9111111111111111,0.9318181818181818,0.9213483146067416,0.08483346347136203
Cath,rf,iso,3,0,0.9204545454545454,0.9474438619734795,0.8852459016393442,0.9512195121951219,0.8863636363636364,0.9176470588235294,0.08828473624008225
Cath,xgb,raw,3,0,0.9385026737967914,0.9670140219642913,0.8852459016393442,0.9111111111111111,0.9318181818181818,0.9213483146067416,0.0746605172753334
Cath,xgb,platt,3,0,0.9385026737967914,0.9670140219642913,0.8852459016393442,0.9111111111111111,0.9318181818181818,0.9213483146067416,0.07374319434165955
Cath,xgb,iso,3,0,0.9144385026737967,0.9450559814927806,0.9016393442622951,0.9523809523809523,0.9090909090909091,0.9302325581395349,0.07773704826831818
Cath,logreg,raw,3,1,0.9276485788113694,0.9733685622261248,0.7868852459016393,0.8,0.9302325581395349,0.8602150537634409,0.12481430917978287
Cath,logreg,platt,3,1,0.9276485788113694,0.9733685622261248,0.7704918032786885,0.7959183673469388,0.9069767441860465,0.8478260869565217,0.12309876084327698
Cath,logreg,iso,3,1,0.9276485788113694,0.9719630588749031,0.7704918032786885,0.7959183673469388,0.9069767441860465,0.8478260869565217,0.1446872502565384
Cath,rf,raw,3,1,0.8979328165374676,0.9585324741752155,0.7704918032786885,0.7843137254901961,0.9302325581395349,0.851063829787234,0.1332734393803676
Cath,rf,platt,3,1,0.8979328165374676,0.9585324741752155,0.8360655737704918,0.851063829787234,0.9302325581395349,0.8888888888888888,0.12810324791183886
Cath,rf,iso,3,1,0.8843669250645995,0.9375276871831741,0.7868852459016393,0.8,0.9302325581395349,0.8602150537634409,0.1395811662714748
Cath,xgb,raw,3,1,0.9108527131782945,0.965757572089063,0.819672131147541,0.8333333333333334,0.9302325581395349,0.8791208791208791,0.12247294187545776
Cath,xgb,platt,3,1,0.9108527131782945,0.965757572089063,0.819672131147541,0.8333333333333334,0.9302325581395349,0.8791208791208791,0.11962137371301651
Cath,xgb,iso,3,1,0.8585271317829457,0.9308994806687578,0.819672131147541,0.8333333333333334,0.9302325581395349,0.8791208791208791,0.1319202184677124
Cath,logreg,raw,3,2,0.9250645994832041,0.961821365445067,0.8524590163934426,0.8541666666666666,0.9534883720930233,0.9010989010989011,0.10650154948234558
Cath,logreg,platt,3,2,0.9250645994832041,0.961821365445067,0.8852459016393442,0.9090909090909091,0.9302325581395349,0.9195402298850575,0.09225797653198242
Cath,logreg,iso,3,2,0.9089147286821705,0.940397410465252,0.8524590163934426,0.925,0.8604651162790697,0.891566265060241,0.09934987127780914
Cath,rf,raw,3,2,0.9341085271317829,0.966669657404799,0.8852459016393442,0.875,0.9767441860465116,0.9230769230769231,0.11200723727989371
Cath,rf,platt,3,2,0.9341085271317829,0.966669657404799,0.8688524590163934,0.8888888888888888,0.9302325581395349,0.9090909090909091,0.08574061912591793
Cath,rf,iso,3,2,0.9166666666666666,0.9384693244132369,0.8688524590163934,0.8888888888888888,0.9302325581395349,0.9090909090909091,0.08987697397768594
Cath,xgb,raw,3,2,0.8540051679586563,0.9270263089748889,0.8360655737704918,0.8367346938775511,0.9534883720930233,0.8913043478260869,0.1227552741765976
Cath,xgb,platt,3,2,0.8540051679586563,0.9270263089748889,0.819672131147541,0.8333333333333334,0.9302325581395349,0.8791208791208791,0.1228409931063652
Cath,xgb,iso,3,2,0.8598191214470284,0.9205282690837185,0.8360655737704918,0.851063829787234,0.9302325581395349,0.8888888888888888,0.1257798820734024
Cath,logreg,raw,3,3,0.9425444596443228,0.9797969892324474,0.8333333333333334,0.851063829787234,0.9302325581395349,0.8888888888888888,0.09695882350206375
Cath,logreg,platt,3,3,0.9425444596443228,0.9797969892324474,0.8666666666666667,0.8888888888888888,0.9302325581395349,0.9090909090909091,0.0909968763589859
Cath,logreg,iso,3,3,0.932284541723666,0.9644861387927931,0.8666666666666667,0.8888888888888888,0.9302325581395349,0.9090909090909091,0.08620670437812805
Cath,rf,raw,3,3,0.9493844049247606,0.9816165002752559,0.85,0.8695652173913043,0.9302325581395349,0.898876404494382,0.10247956267799262
Cath,rf,platt,3,3,0.9493844049247606,0.9816165002752559,0.9,0.9302325581395349,0.9302325581395349,0.9302325581395349,0.07795674836268707
Cath,rf,iso,3,3,0.9589603283173733,0.9771013398369337,0.9,0.9302325581395349,0.9302325581395349,0.9302325581395349,0.07498394396075145
Cath,xgb,raw,3,3,0.9589603283173734,0.986191102479637,0.8833333333333333,0.9090909090909091,0.9302325581395349,0.9195402298850575,0.08082511276006699
Cath,xgb,platt,3,3,0.9589603283173734,0.986191102479637,0.8833333333333333,0.9090909090909091,0.9302325581395349,0.9195402298850575,0.08136897534132004
Cath,xgb,iso,3,3,0.9500683994528043,0.9752631247242705,0.8666666666666667,0.8888888888888888,0.9302325581395349,0.9090909090909091,0.09279143810272217
Cath,logreg,raw,3,4,0.9124487004103967,0.9653547466973593,0.85,0.9047619047619048,0.8837209302325582,0.8941176470588236,0.11068084090948105
Cath,logreg,platt,3,4,0.9124487004103967,0.9653547466973593,0.8333333333333334,0.9024390243902439,0.8604651162790697,0.8809523809523809,0.11340209096670151
Cath,logreg,iso,3,4,0.9117647058823529,0.9600116648330158,0.85,0.9047619047619048,0.8837209302325582,0.8941176470588236,0.11352334916591644
Cath,rf,raw,3,4,0.8727770177838577,0.9439878170636662,0.9,0.9111111111111111,0.9534883720930233,0.9318181818181818,0.1270521676593042
Cath,rf,platt,3,4,0.8727770177838577,0.9439878170636662,0.8833333333333333,0.9090909090909091,0.9302325581395349,0.9195402298850575,0.11772361368727503
Cath,rf,iso,3,4,0.8803009575923393,0.9421478121446671,0.8666666666666667,0.9069767441860465,0.9069767441860465,0.9069767441860465,0.1158000861102748
Cath,xgb,raw,3,4,0.8905608755129959,0.9518463157621941,0.8833333333333333,0.9090909090909091,0.9302325581395349,0.9195402298850575,0.11100509762763977
Cath,xgb,platt,3,4,0.8905608755129959,0.9518463157621941,0.8666666666666667,0.8888888888888888,0.9302325581395349,0.9090909090909091,0.11079658567905426
Cath,xgb,iso,3,4,0.8495212038303694,0.903916444209236,0.8666666666666667,0.8723404255319149,0.9534883720930233,0.9111111111111111,0.11850441992282867
Cath,logreg,raw,4,0,0.9879679144385026,0.9955403711200169,0.9180327868852459,0.9148936170212766,0.9772727272727273,0.945054945054945,0.0657632052898407
Cath,logreg,platt,4,0,0.9879679144385026,0.9955403711200169,0.9672131147540983,0.9772727272727273,0.9772727272727273,0.9772727272727273,0.04781694710254669
Cath,logreg,iso,4,0,0.981951871657754,0.9914726555770734,0.9672131147540983,0.9772727272727273,0.9772727272727273,0.9772727272727273,0.04631010442972183
Cath,rf,raw,4,0,0.9812834224598931,0.9924322971088371,0.9508196721311475,0.9361702127659575,1.0,0.967032967032967,0.08549344262295083
Cath,rf,platt,4,0,0.9812834224598931,0.9924322971088371,0.9344262295081968,0.9347826086956522,0.9772727272727273,0.9555555555555556,0.055496425872885904
Cath,rf,iso,4,0,0.9812834224598931,0.991996784646688,0.9508196721311475,0.9555555555555556,0.9772727272727273,0.9662921348314607,0.054835590420413485
Cath,xgb,raw,4,0,0.9893048128342246,0.9956054115515987,0.9672131147540983,0.9565217391304348,1.0,0.9777777777777777,0.04374156519770622
Cath,xgb,platt,4,0,0.9893048128342246,0.9956054115515987,0.9672131147540983,0.9565217391304348,1.0,0.9777777777777777,0.05034952983260155
Cath,xgb,iso,4,0,0.9846256684491979,0.9931062228115818,0.9836065573770492,0.9777777777777777,1.0,0.9887640449438202,0.03453177586197853
Cath,logreg,raw,4,1,0.8901808785529716,0.9612555251251214,0.819672131147541,0.8636363636363636,0.8837209302325582,0.8735632183908046,0.12737061083316803
Cath,logreg,platt,4,1,0.8901808785529716,0.9612555251251214,0.8360655737704918,0.9230769230769231,0.8372093023255814,0.8780487804878049,0.1280987709760666
Cath,logreg,iso,4,1,0.8901808785529716,0.9586915457185037,0.819672131147541,0.9210526315789473,0.813953488372093,0.8641975308641975,0.13543269038200378
Cath,rf,raw,4,1,0.930232558139535,0.9721508108621729,0.8688524590163934,0.9069767441860465,0.9069767441860465,0.9069767441860465,0.11795746698559882
Cath,rf,platt,4,1,0.930232558139535,0.9721508108621729,0.8688524590163934,0.9487179487179487,0.8604651162790697,0.9024390243902439,0.10179622764749358
Cath,rf,iso,4,1,0.9043927648578811,0.9475605513762665,0.8852459016393442,0.95,0.8837209302325582,0.9156626506024096,0.11404618634246125
Cath,xgb,raw,4,1,0.9263565891472869,0.9719673192260796,0.9016393442622951,0.9512195121951219,0.9069767441860465,0.9285714285714286,0.09825468808412552
Cath,xgb,platt,4,1,0.9263565891472869,0.9719673192260796,0.9016393442622951,0.9512195121951219,0.9069767441860465,0.9285714285714286,0.09809233993291855
Cath,xgb,iso,4,1,0.9198966408268734,0.9619268198670545,0.8360655737704918,0.9714285714285714,0.7906976744186046,0.8717948717948718,0.10508689284324646
Cath,logreg,raw,4,2,0.8617571059431525,0.9370949588477133,0.7868852459016393,0.8409090909090909,0.8604651162790697,0.8505747126436781,0.13806618750095367
Cath,logreg,platt,4,2,0.8617571059431525,0.9370949588477133,0.8032786885245902,0.8604651162790697,0.8604651162790697,0.8604651162790697,0.15280155837535858
Cath,logreg,iso,4,2,0.83656330749354,0.9081904920958161,0.819672131147541,0.9,0.8372093023255814,0.8674698795180723,0.15509159862995148
Cath,rf,raw,4,2,0.8294573643410853,0.9138082562232814,0.7868852459016393,0.8409090909090909,0.8604651162790697,0.8505747126436781,0.14460631955979983
Cath,rf,platt,4,2,0.8294573643410853,0.9138082562232814,0.7868852459016393,0.8409090909090909,0.8604651162790697,0.8505747126436781,0.15666238402798252
Cath,rf,iso,4,2,0.8068475452196382,0.8874841757712298,0.7868852459016393,0.8409090909090909,0.8604651162790697,0.8505747126436781,0.17329416945644135
Cath,xgb,raw,4,2,0.838501291989664,0.9233705527574125,0.7868852459016393,0.8409090909090909,0.8604651162790697,0.8505747126436781,0.148258775472641
Cath,xgb,platt,4,2,0.838501291989664,0.9233705527574125,0.8032786885245902,0.8604651162790697,0.8604651162790697,0.8604651162790697,0.15299487113952637
Cath,xgb,iso,4,2,0.8546511627906976,0.9225458705908202,0.7704918032786885,0.8222222222222222,0.8604651162790697,0.8409090909090909,0.1535499542951584
Cath,logreg,raw,4,3,0.9726402188782489,0.9885055204644856,0.9166666666666666,0.8958333333333334,1.0,0.945054945054945,0.08109107613563538
Cath,logreg,platt,4,3,0.9726402188782489,0.9885055204644856,0.9333333333333333,0.9148936170212766,1.0,0.9555555555555556,0.05996813252568245
Cath,logreg,iso,4,3,0.9678522571819426,0.9823765309388016,0.9333333333333333,0.9148936170212766,1.0,0.9555555555555556,0.05254292115569115
Cath,rf,raw,4,3,0.9555403556771547,0.98050174184673,0.9166666666666666,0.8958333333333334,1.0,0.945054945054945,0.09362037037037038
Cath,rf,platt,4,3,0.9555403556771547,0.98050174184673,0.9333333333333333,0.9148936170212766,1.0,0.9555555555555556,0.06336124430684349
Cath,rf,iso,4,3,0.9528043775649795,0.9725736744780413,0.9333333333333333,0.9148936170212766,1.0,0.9555555555555556,0.06513643451104162
Cath,xgb,raw,4,3,0.9316005471956224,0.9692699417719284,0.9333333333333333,0.9148936170212766,1.0,0.9555555555555556,0.07509668916463852
Cath,xgb,platt,4,3,0.9316005471956224,0.9692699417719284,0.9333333333333333,0.9148936170212766,1.0,0.9555555555555556,0.07490556687116623
Cath,xgb,iso,4,3,0.8919288645690834,0.9302916373033832,0.9333333333333333,0.9148936170212766,1.0,0.9555555555555556,0.07248679548501968
Cath,logreg,raw,4,4,0.9274965800273598,0.9704771842373507,0.8666666666666667,0.9069767441860465,0.9069767441860465,0.9069767441860465,0.10358899086713791
Cath,logreg,platt,4,4,0.9274965800273598,0.9704771842373507,0.8666666666666667,0.9069767441860465,0.9069767441860465,0.9069767441860465,0.09754279255867004
Cath,logreg,iso,4,4,0.9363885088919288,0.9716427643343626,0.8666666666666667,0.9069767441860465,0.9069767441860465,0.9069767441860465,0.0986500009894371
Cath,rf,raw,4,4,0.9138166894664842,0.9578502936636395,0.85,0.84,0.9767441860465116,0.9032258064516129,0.11468906522731288
Cath,rf,platt,4,4,0.9138166894664842,0.9578502936636395,0.8833333333333333,0.9090909090909091,0.9302325581395349,0.9195402298850575,0.09444045615773085
Cath,rf,iso,4,4,0.9049247606019151,0.937556393568785,0.8666666666666667,0.9069767441860465,0.9069767441860465,0.9069767441860465,0.09450262899743334
Cath,xgb,raw,4,4,0.8768809849521204,0.9325649137347235,0.85,0.8541666666666666,0.9534883720930233,0.9010989010989011,0.11214762181043625
Cath,xgb,platt,4,4,0.8768809849521204,0.9325649137347235,0.8166666666666667,0.8478260869565217,0.9069767441860465,0.8764044943820225,0.11195815354585648
Cath,xgb,iso,4,4,0.8878248974008208,0.9247384341975986,0.8,0.8974358974358975,0.813953488372093,0.8536585365853658,0.12568224966526031
LAD,logreg,raw,0,0,0.8044444444444444,0.8443089403297982,0.7540983606557377,0.8,0.7777777777777778,0.7887323943661971,0.17946390807628632
LAD,logreg,platt,0,0,0.8044444444444444,0.8443089403297982,0.7540983606557377,0.8,0.7777777777777778,0.7887323943661971,0.18178601562976837
LAD,logreg,iso,0,0,0.7966666666666667,0.8281169215558489,0.7540983606557377,0.8,0.7777777777777778,0.7887323943661971,0.1837100237607956
LAD,rf,raw,0,0,0.7733333333333334,0.8340528315554216,0.7540983606557377,0.7837837837837838,0.8055555555555556,0.7945205479452054,0.18569006212085853
LAD,rf,platt,0,0,0.7733333333333334,0.8340528315554216,0.7540983606557377,0.8,0.7777777777777778,0.7887323943661971,0.19244511080753315
LAD,rf,iso,0,0,0.7822222222222223,0.8287577604414578,0.7540983606557377,0.8,0.7777777777777778,0.7887323943661971,0.19167562213358405
LAD,xgb,raw,0,0,0.7466666666666667,0.7885591846071249,0.7540983606557377,0.8,0.7777777777777778,0.7887323943661971,0.20856140553951263
LAD,xgb,platt,0,0,0.7466666666666667,0.7885591846071249,0.7540983606557377,0.8,0.7777777777777778,0.7887323943661971,0.1997826248407364
LAD,xgb,iso,0,0,0.7622222222222222,0.7959519041023864,0.7540983606557377,0.8,0.7777777777777778,0.7887323943661971,0.1955980807542801
LAD,logreg,raw,0,1,0.7744444444444444,0.8523175605274425,0.7213114754098361,0.7435897435897436,0.8055555555555556,0.7733333333333333,0.19395266473293304
LAD,logreg,platt,0,1,0.7744444444444444,0.8523175605274425,0.7377049180327869,0.7631578947368421,0.8055555555555556,0.7837837837837838,0.2053757607936859
LAD,logreg,iso,0,1,0.773888888888889,0.8163118026984528,0.7213114754098361,0.7317073170731707,0.8333333333333334,0.7792207792207793,0.20450660586357117
LAD,rf,raw,0,1,0.8127777777777777,0.8497059619326494,0.6885245901639344,0.6808510638297872,0.8888888888888888,0.7710843373493976,0.18283260473588342
LAD,rf,platt,0,1,0.8127777777777777,0.8497059619326494,0.7213114754098361,0.7111111111111111,0.8888888888888888,0.7901234567901234,0.17935068876576404
LAD,rf,iso,0,1,0.8194444444444444,0.841965675008634,0.7377049180327869,0.7380952380952381,0.8611111111111112,0.7948717948717948,0.1924108245601224
LAD,xgb,raw,0,1,0.8266666666666668,0.8855369444821409,0.7868852459016393,0.7804878048780488,0.8888888888888888,0.8311688311688312,0.17121964693069458
LAD,xgb,platt,0,1,0.8266666666666668,0.8855369444821409,0.7704918032786885,0.7619047619047619,0.8888888888888888,0.8205128205128205,0.16965016722679138
LAD,xgb,iso,0,1,0.8122222222222222,0.8601483749407157,0.7704918032786885,0.7619047619047619,0.8888888888888888,0.8205128205128205,0.17473500967025757
LAD,logreg,raw,0,2,0.8999999999999999,0.9322639376736543,0.8360655737704918,0.8048780487804879,0.9428571428571428,0.868421052631579,0.13587208092212677
LAD,logreg,platt,0,2,0.8999999999999999,0.9322639376736543,0.8360655737704918,0.8205128205128205,0.9142857142857143,0.8648648648648649,0.13267117738723755
LAD,logreg,iso,0,2,0.8725274725274725,0.8858168208218059,0.8032786885245902,0.7555555555555555,0.9714285714285714,0.85,0.13475346565246582
LAD,rf,raw,0,2,0.9219780219780219,0.9473049353776956,0.7868852459016393,0.775,0.8857142857142857,0.8266666666666667,0.1422100895902193
LAD,rf,platt,0,2,0.9219780219780219,0.9473049353776956,0.819672131147541,0.8157894736842105,0.8857142857142857,0.8493150684931506,0.12043335205700877
LAD,rf,iso,0,2,0.9027472527472528,0.9168526964843495,0.8032786885245902,0.7948717948717948,0.8857142857142857,0.8378378378378378,0.13231812265459308
LAD,xgb,raw,0,2,0.9153846153846154,0.9408641417578537,0.819672131147541,0.8157894736842105,0.8857142857142857,0.8493150684931506,0.11901221424341202
LAD,xgb,platt,0,2,0.9153846153846154,0.9408641417578537,0.819672131147541,0.8157894736842105,0.8857142857142857,0.8493150684931506,0.12602116167545319
LAD,xgb,iso,0,2,0.8846153846153847,0.8836822447136505,0.8524590163934426,0.8823529411764706,0.8571428571428571,0.8695652173913043,0.12839873135089874
LAD,logreg,raw,0,3,0.8731428571428571,0.9000767925832891,0.85,0.8421052631578947,0.9142857142857143,0.8767123287671232,0.14418888092041016
LAD,logreg,platt,0,3,0.8731428571428571,0.9000767925832891,0.85,0.8421052631578947,0.9142857142857143,0.8767123287671232,0.13946302235126495
LAD,logreg,iso,0,3,0.8708571428571428,0.8730734188351296,0.8333333333333334,0.8048780487804879,0.9428571428571428,0.868421052631579,0.1297520399093628
LAD,rf,raw,0,3,0.9142857142857143,0.9326660608541716,0.8666666666666667,0.8461538461538461,0.9428571428571428,0.8918918918918919,0.14653878815056193
LAD,rf,platt,0,3,0.9142857142857143,0.9326660608541716,0.85,0.8611111111111112,0.8857142857142857,0.8732394366197183,0.11982049525851177
LAD,rf,iso,0,3,0.9022857142857142,0.8993849296204216,0.8666666666666667,0.8461538461538461,0.9428571428571428,0.8918918918918919,0.11960656673152345
LAD,xgb,raw,0,3,0.8994285714285715,0.9200284877893532,0.8333333333333334,0.8378378378378378,0.8857142857142857,0.8611111111111112,0.12377782166004181
LAD,xgb,platt,0,3,0.8994285714285715,0.9200284877893532,0.8333333333333334,0.8378378378378378,0.8857142857142857,0.8611111111111112,0.12864729762077332
LAD,xgb,iso,0,3,0.8971428571428571,0.8895661035033857,0.8333333333333334,0.8378378378378378,0.8857142857142857,0.8611111111111112,0.12174271792173386
LAD,logreg,raw,0,4,0.8605714285714285,0.8520194128841087,0.7666666666666667,0.8,0.8,0.8,0.14885495603084564
LAD,logreg,platt,0,4,0.8605714285714285,0.8520194128841087,0.7666666666666667,0.8,0.8,0.8,0.1450684368610382
LAD,logreg,iso,0,4,0.8657142857142858,0.853509863575939,0.8333333333333334,0.7906976744186046,0.9714285714285714,0.8717948717948718,0.13985379040241241
LAD,rf,raw,0,4,0.8411428571428571,0.8639786646084437,0.8,0.7804878048780488,0.9142857142857143,0.8421052631578947,0.16624032932921062
LAD,rf,platt,0,4,0.8411428571428571,0.8639786646084437,0.8333333333333334,0.8205128205128205,0.9142857142857143,0.8648648648648649,0.1500532271155367
LAD,rf,iso,0,4,0.8320000000000001,0.8205539608497407,0.8333333333333334,0.8205128205128205,0.9142857142857143,0.8648648648648649,0.1442763116748346
LAD,xgb,raw,0,4,0.7828571428571429,0.8143258689858792,0.7666666666666667,0.7692307692307693,0.8571428571428571,0.8108108108108109,0.1770515888929367
LAD,xgb,platt,0,4,0.7828571428571429,0.8143258689858792,0.7833333333333333,0.775,0.8857142857142857,0.8266666666666667,0.17428317666053772
LAD,xgb,iso,0,4,0.7908571428571428,0.7939538156000823,0.8,0.7674418604651163,0.9428571428571428,0.8461538461538461,0.18107013404369354
LAD,logreg,raw,1,0,0.8144444444444444,0.8671163617198409,0.7377049180327869,0.7941176470588235,0.75,0.7714285714285715,0.17411917448043823
LAD,logreg,platt,1,0,0.8144444444444444,0.8671163617198409,0.7540983606557377,0.8181818181818182,0.75,0.782608695652174,0.17681185901165009
LAD,logreg,iso,1,0,0.825,0.8606625001719023,0.7540983606557377,0.7837837837837838,0.8055555555555556,0.7945205479452054,0.1816575527191162
LAD,rf,raw,1,0,0.8388888888888889,0.8953190411696575,0.7049180327868853,0.7647058823529411,0.7222222222222222,0.7428571428571429,0.16780350591740023
LAD,rf,platt,1,0,0.8388888888888889,0.8953190411696575,0.7377049180327869,0.8125,0.7222222222222222,0.7647058823529411,0.18054608390389645
LAD,rf,iso,1,0,0.8333333333333334,0.8773146771473268,0.7377049180327869,0.8125,0.7222222222222222,0.7647058823529411,0.186016943300047
LAD,xgb,raw,1,0,0.8088888888888889,0.876925465866088,0.7213114754098361,0.8064516129032258,0.6944444444444444,0.746268656716418,0.19053198397159576
LAD,xgb,platt,1,0,0.8088888888888889,0.876925465866088,0.7213114754098361,0.8064516129032258,0.6944444444444444,0.746268656716418,0.18266765773296356
LAD,xgb,iso,1,0,0.8216666666666667,0.8589286240819922,0.7377049180327869,0.7941176470588235,0.75,0.7714285714285715,0.1812046617269516
LAD,logreg,raw,1,1,0.74,0.7980657609064108,0.7704918032786885,0.75,0.9166666666666666,0.825,0.192239910364151
LAD,logreg,platt,1,1,0.74,0.7980657609064108,0.7704918032786885,0.75,0.9166666666666666,0.825,0.19604919850826263
LAD,logreg,iso,1,1,0.7699999999999999,0.7968191886972231,0.7704918032786885,0.7391304347826086,0.9444444444444444,0.8292682926829268,0.1818045973777771
LAD,rf,raw,1,1,0.8372222222222222,0.8418392501853007,0.8032786885245902,0.75,1.0,0.8571428571428571,0.1626349726775956
LAD,rf,platt,1,1,0.8372222222222222,0.8418392501853007,0.819672131147541,0.7659574468085106,1.0,0.8674698795180723,0.15233304898434985
LAD,rf,iso,1,1,0.8438888888888889,0.8284302462954034,0.7868852459016393,0.7346938775510204,1.0,0.8470588235294118,0.15740822855632008
LAD,xgb,raw,1,1,0.8044444444444445,0.8477102416290709,0.7704918032786885,0.7291666666666666,0.9722222222222222,0.8333333333333334,0.17587977647781372
LAD,xgb,platt,1,1,0.8044444444444445,0.8477102416290709,0.7540983606557377,0.7142857142857143,0.9722222222222222,0.8235294117647058,0.1739652156829834
LAD,xgb,iso,1,1,0.7861111111111111,0.7894660545279739,0.7540983606557377,0.7058823529411765,1.0,0.8275862068965517,0.17925162613391876
LAD,logreg,raw,1,2,0.8615384615384616,0.9031645078069513,0.7868852459016393,0.8055555555555556,0.8285714285714286,0.8169014084507042,0.1536445915699005
LAD,logreg,platt,1,2,0.8615384615384616,0.9031645078069513,0.7868852459016393,0.8055555555555556,0.8285714285714286,0.8169014084507042,0.15085893869400024
LAD,logreg,iso,1,2,0.8434065934065934,0.8609733821463823,0.7540983606557377,0.7631578947368421,0.8285714285714286,0.7945205479452054,0.1684921234846115
LAD,rf,raw,1,2,0.8912087912087912,0.9189212060955866,0.8032786885245902,0.8108108108108109,0.8571428571428571,0.8333333333333334,0.1541707671331632
LAD,rf,platt,1,2,0.8912087912087912,0.9189212060955866,0.819672131147541,0.8333333333333334,0.8571428571428571,0.8450704225352113,0.13292437632236576
LAD,rf,iso,1,2,0.8901098901098902,0.9022658009408627,0.819672131147541,0.8333333333333334,0.8571428571428571,0.8450704225352113,0.13098476015447208
LAD,xgb,raw,1,2,0.8857142857142857,0.9257014941681302,0.819672131147541,0.8333333333333334,0.8571428571428571,0.8450704225352113,0.14002041518688202
LAD,xgb,platt,1,2,0.8857142857142857,0.9257014941681302,0.8032786885245902,0.8108108108108109,0.8571428571428571,0.8333333333333334,0.143929123878479
LAD,xgb,iso,1,2,0.8379120879120879,0.8571725592703037,0.7704918032786885,0.7692307692307693,0.8571428571428571,0.8108108108108109,0.15783511102199554
LAD,logreg,raw,1,3,0.8034285714285713,0.859365072251215,0.7666666666666667,0.7837837837837838,0.8285714285714286,0.8055555555555556,0.17383672297000885
LAD,logreg,platt,1,3,0.8034285714285713,0.859365072251215,0.7666666666666667,0.7837837837837838,0.8285714285714286,0.8055555555555556,0.17605024576187134
LAD,logreg,iso,1,3,0.8022857142857143,0.8445379397241833,0.7333333333333333,0.7209302325581395,0.8857142857142857,0.7948717948717948,0.17302030324935913
LAD,rf,raw,1,3,0.8434285714285714,0.8801336779119271,0.7666666666666667,0.7560975609756098,0.8857142857142857,0.8157894736842105,0.16529316834714927
LAD,rf,platt,1,3,0.8434285714285714,0.8801336779119271,0.8166666666666667,0.8157894736842105,0.8857142857142857,0.8493150684931506,0.156363756343747
LAD,rf,iso,1,3,0.8314285714285714,0.8619391039429507,0.7666666666666667,0.7441860465116279,0.9142857142857143,0.8205128205128205,0.16623533595317674
LAD,xgb,raw,1,3,0.8022857142857142,0.8495566408066503,0.7666666666666667,0.7837837837837838,0.8285714285714286,0.8055555555555556,0.17934322357177734
LAD,xgb,platt,1,3,0.8022857142857142,0.8495566408066503,0.7666666666666667,0.7837837837837838,0.8285714285714286,0.8055555555555556,0.17596903443336487
LAD,xgb,iso,1,3,0.7868571428571428,0.8334293586121317,0.7166666666666667,0.78125,0.7142857142857143,0.746268656716418,0.18701885640621185
LAD,logreg,raw,1,4,0.8765714285714287,0.858294806100575,0.85,0.8611111111111112,0.8857142857142857,0.8732394366197183,0.1469368189573288
LAD,logreg,platt,1,4,0.8765714285714287,0.858294806100575,0.8333333333333334,0.8571428571428571,0.8571428571428571,0.8571428571428571,0.14294154942035675
LAD,logreg,iso,1,4,0.9131428571428571,0.8778414567888253,0.8833333333333333,0.8333333333333334,1.0,0.9090909090909091,0.11678703874349594
LAD,rf,raw,1,4,0.8868571428571428,0.9000512423918638,0.8666666666666667,0.8292682926829268,0.9714285714285714,0.8947368421052632,0.15462908982928386
LAD,rf,platt,1,4,0.8868571428571428,0.9000512423918638,0.8166666666666667,0.8157894736842105,0.8857142857142857,0.8493150684931506,0.12908049432483903
LAD,rf,iso,1,4,0.8897142857142857,0.8957980317947096,0.8333333333333334,0.7906976744186046,0.9714285714285714,0.8717948717948718,0.12484387804234238
LAD,xgb,raw,1,4,0.8377142857142857,0.8285674457446832,0.8,0.8285714285714286,0.8285714285714286,0.8285714285714286,0.15887722373008728
LAD,xgb,platt,1,4,0.8377142857142857,0.8285674457446832,0.8,0.8285714285714286,0.8285714285714286,0.8285714285714286,0.16050447523593903
LAD,xgb,iso,1,4,0.8537142857142858,0.8386726261183487,0.8166666666666667,0.8157894736842105,0.8857142857142857,0.8493150684931506,0.14671839773654938
LAD,logreg,raw,2,0,0.9477777777777777,0.9558241352731597,0.8852459016393442,0.8918918918918919,0.9166666666666666,0.9041095890410958,0.10349134355783463
LAD,logreg,platt,2,0,0.9477777777777777,0.9558241352731597,0.8852459016393442,0.8918918918918919,0.9166666666666666,0.9041095890410958,0.10102606564760208
LAD,logreg,iso,2,0,0.9566666666666667,0.9547194452085757,0.9180327868852459,0.8974358974358975,0.9722222222222222,0.9333333333333333,0.08333316445350647
LAD,rf,raw,2,0,0.9388888888888889,0.9607070935828371,0.8688524590163934,0.8888888888888888,0.8888888888888888,0.8888888888888888,0.1341087431693989
LAD,rf,platt,2,0,0.9388888888888889,0.9607070935828371,0.8360655737704918,0.8823529411764706,0.8333333333333334,0.8571428571428571,0.1124577594100677
LAD,rf,iso,2,0,0.9311111111111111,0.940342512974182,0.8032786885245902,0.875,0.7777777777777778,0.8235294117647058,0.12112301958743331
LAD,xgb,raw,2,0,0.9255555555555556,0.9522728378838831,0.819672131147541,0.8571428571428571,0.8333333333333334,0.8450704225352113,0.10696689784526825
LAD,xgb,platt,2,0,0.9255555555555556,0.9522728378838831,0.819672131147541,0.8571428571428571,0.8333333333333334,0.8450704225352113,0.1222996935248375
LAD,xgb,iso,2,0,0.9111111111111111,0.9296957671957673,0.7868852459016393,0.96,0.6666666666666666,0.7868852459016393,0.12375961244106293
LAD,logreg,raw,2,1,0.7711111111111111,0.8373696791180493,0.7049180327868853,0.725,0.8055555555555556,0.7631578947368421,0.1844717115163803
LAD,logreg,platt,2,1,0.7711111111111111,0.8373696791180493,0.6885245901639344,0.717948717948718,0.7777777777777778,0.7466666666666667,0.1871524155139923
LAD,logreg,iso,2,1,0.7577777777777779,0.7877469290818165,0.6885245901639344,0.717948717948718,0.7777777777777778,0.7466666666666667,0.19324582815170288
LAD,rf,raw,2,1,0.8033333333333333,0.8649730850906313,0.7049180327868853,0.7045454545454546,0.8611111111111112,0.775,0.18147253005414438
LAD,rf,platt,2,1,0.8033333333333333,0.8649730850906313,0.7704918032786885,0.775,0.8611111111111112,0.8157894736842105,0.17685423098662706
LAD,rf,iso,2,1,0.7916666666666666,0.8333454577872086,0.7704918032786885,0.775,0.8611111111111112,0.8157894736842105,0.17699502416180815
LAD,xgb,raw,2,1,0.7799999999999999,0.8495240985164493,0.7213114754098361,0.7567567567567568,0.7777777777777778,0.7671232876712328,0.19238683581352234
LAD,xgb,platt,2,1,0.7799999999999999,0.8495240985164493,0.7213114754098361,0.7435897435897436,0.8055555555555556,0.7733333333333333,0.18704362213611603
LAD,xgb,iso,2,1,0.7655555555555555,0.809841896196404,0.7049180327868853,0.7142857142857143,0.8333333333333334,0.7692307692307693,0.19649487733840942
LAD,logreg,raw,2,2,0.845054945054945,0.8944688332663973,0.7377049180327869,0.7209302325581395,0.8857142857142857,0.7948717948717948,0.16314582526683807
LAD,logreg,platt,2,2,0.845054945054945,0.8944688332663973,0.7377049180327869,0.7209302325581395,0.8857142857142857,0.7948717948717948,0.162764772772789
LAD,logreg,iso,2,2,0.8395604395604396,0.8754591937114258,0.7540983606557377,0.7272727272727273,0.9142857142857143,0.810126582278481,0.16788190603256226
LAD,rf,raw,2,2,0.8307692307692307,0.844367331746021,0.7377049180327869,0.7021276595744681,0.9428571428571428,0.8048780487804879,0.17595741236329332
LAD,rf,platt,2,2,0.8307692307692307,0.844367331746021,0.7868852459016393,0.7619047619047619,0.9142857142857143,0.8311688311688312,0.16652517087946844
LAD,rf,iso,2,2,0.8225274725274725,0.8002800053630216,0.7868852459016393,0.75,0.9428571428571428,0.8354430379746836,0.1644850077661167
LAD,xgb,raw,2,2,0.7945054945054946,0.8101960462437635,0.7704918032786885,0.7560975609756098,0.8857142857142857,0.8157894736842105,0.18012849986553192
LAD,xgb,platt,2,2,0.7945054945054946,0.8101960462437635,0.7868852459016393,0.7619047619047619,0.9142857142857143,0.8311688311688312,0.1800297498703003
LAD,xgb,iso,2,2,0.7884615384615385,0.8130803131808166,0.7868852459016393,0.8055555555555556,0.8285714285714286,0.8169014084507042,0.18914684653282166
LAD,logreg,raw,2,3,0.8160000000000001,0.8660348953911938,0.7333333333333333,0.7567567567567568,0.8,0.7777777777777778,0.16682168841362
LAD,logreg,platt,2,3,0.8160000000000001,0.8660348953911938,0.7333333333333333,0.7567567567567568,0.8,0.7777777777777778,0.1646508127450943
LAD,logreg,iso,2,3,0.7868571428571429,0.8129341664674226,0.7333333333333333,0.7567567567567568,0.8,0.7777777777777778,0.18006962537765503
LAD,rf,raw,2,3,0.8457142857142858,0.884013455772183,0.8166666666666667,0.8,0.9142857142857143,0.8533333333333334,0.16669395236155007
LAD,rf,platt,2,3,0.8457142857142858,0.884013455772183,0.8166666666666667,0.8,0.9142857142857143,0.8533333333333334,0.15276129922162066
LAD,rf,iso,2,3,0.8388571428571427,0.8598898019076886,0.8166666666666667,0.8,0.9142857142857143,0.8533333333333334,0.15702364023920032
LAD,xgb,raw,2,3,0.7851428571428571,0.8321133145749303,0.75,0.7631578947368421,0.8285714285714286,0.7945205479452054,0.18500743806362152
LAD,xgb,platt,2,3,0.7851428571428571,0.8321133145749303,0.7666666666666667,0.7692307692307693,0.8571428571428571,0.8108108108108109,0.18123026192188263
LAD,xgb,iso,2,3,0.8108571428571428,0.8385148913908711,0.75,0.7631578947368421,0.8285714285714286,0.7945205479452054,0.17449016869068146
LAD,logreg,raw,2,4,0.8137142857142858,0.8455814090163094,0.7666666666666667,0.8181818181818182,0.7714285714285715,0.7941176470588235,0.17495125532150269
LAD,logreg,platt,2,4,0.8137142857142858,0.8455814090163094,0.75,0.8125,0.7428571428571429,0.7761194029850746,0.17728282511234283
LAD,logreg,iso,2,4,0.8005714285714286,0.8067965422183411,0.7333333333333333,0.8064516129032258,0.7142857142857143,0.7575757575757576,0.18121036887168884
LAD,rf,raw,2,4,0.8308571428571428,0.8483279562177477,0.7833333333333333,0.7894736842105263,0.8571428571428571,0.821917808219178,0.16717870370370372
LAD,rf,platt,2,4,0.8308571428571428,0.8483279562177477,0.7666666666666667,0.8,0.8,0.8,0.15870216394501158
LAD,rf,iso,2,4,0.8211428571428572,0.8099433247186155,0.7833333333333333,0.8055555555555556,0.8285714285714286,0.8169014084507042,0.16465419048389976
LAD,xgb,raw,2,4,0.8217142857142856,0.8554777877157017,0.7333333333333333,0.7714285714285715,0.7714285714285715,0.7714285714285715,0.16918519139289856
LAD,xgb,platt,2,4,0.8217142857142856,0.8554777877157017,0.7333333333333333,0.7714285714285715,0.7714285714285715,0.7714285714285715,0.1686684787273407
LAD,xgb,iso,2,4,0.8102857142857143,0.8109212520395916,0.7166666666666667,0.75,0.7714285714285715,0.7605633802816901,0.18277494609355927
LAD,logreg,raw,3,0,0.831111111111111,0.8574729355739593,0.819672131147541,0.8571428571428571,0.8333333333333334,0.8450704225352113,0.16845838725566864
LAD,logreg,platt,3,0,0.831111111111111,0.8574729355739593,0.7540983606557377,0.8387096774193549,0.7222222222222222,0.7761194029850746,0.1683942973613739
LAD,logreg,iso,3,0,0.8077777777777778,0.8338117838880617,0.7868852459016393,0.8108108108108109,0.8333333333333334,0.821917808219178,0.16485218703746796
LAD,rf,raw,3,0,0.7816666666666667,0.8232548298269615,0.7377049180327869,0.7631578947368421,0.8055555555555556,0.7837837837837838,0.18522695810564663
LAD,rf,platt,3,0,0.7816666666666667,0.8232548298269615,0.7213114754098361,0.7567567567567568,0.7777777777777778,0.7671232876712328,0.1899539564589553
LAD,rf,iso,3,0,0.7788888888888889,0.8151279548304635,0.7704918032786885,0.775,0.8611111111111112,0.8157894736842105,0.17690794638411741
LAD,xgb,raw,3,0,0.7666666666666667,0.8165972586898153,0.7213114754098361,0.7878787878787878,0.7222222222222222,0.7536231884057971,0.20585942268371582
LAD,xgb,platt,3,0,0.7666666666666667,0.8165972586898153,0.7213114754098361,0.7878787878787878,0.7222222222222222,0.7536231884057971,0.19874107837677002
LAD,xgb,iso,3,0,0.7516666666666667,0.7888385805874311,0.7213114754098361,0.7878787878787878,0.7222222222222222,0.7536231884057971,0.20510537922382355
LAD,logreg,raw,3,1,0.8866666666666667,0.9194060743513767,0.7868852459016393,0.7948717948717948,0.8611111111111112,0.8266666666666667,0.14096440374851227
LAD,logreg,platt,3,1,0.8866666666666667,0.9194060743513767,0.7868852459016393,0.7948717948717948,0.8611111111111112,0.8266666666666667,0.13836070895195007
LAD,logreg,iso,3,1,0.875,0.8947706542377366,0.7868852459016393,0.7804878048780488,0.8888888888888888,0.8311688311688312,0.14155633747577667
LAD,rf,raw,3,1,0.8733333333333333,0.9187802253037611,0.7868852459016393,0.7948717948717948,0.8611111111111112,0.8266666666666667,0.1585546608359833
LAD,rf,platt,3,1,0.8733333333333333,0.9187802253037611,0.7868852459016393,0.8108108108108109,0.8333333333333334,0.821917808219178,0.1450194861958406
LAD,rf,iso,3,1,0.8633333333333333,0.892626220591206,0.7868852459016393,0.8484848484848485,0.7777777777777778,0.8115942028985508,0.15305666079567032
LAD,xgb,raw,3,1,0.8766666666666666,0.9260741919905803,0.7377049180327869,0.75,0.8333333333333334,0.7894736842105263,0.14751490950584412
LAD,xgb,platt,3,1,0.8766666666666666,0.9260741919905803,0.7377049180327869,0.75,0.8333333333333334,0.7894736842105263,0.15044282376766205
LAD,xgb,iso,3,1,0.8716666666666668,0.9167252551060636,0.7377049180327869,0.7380952380952381,0.8611111111111112,0.7948717948717948,0.1509971022605896
LAD,logreg,raw,3,2,0.8538461538461538,0.9063634603460472,0.7868852459016393,0.75,0.9428571428571428,0.8354430379746836,0.1619342714548111
LAD,logreg,platt,3,2,0.8538461538461538,0.9063634603460472,0.7704918032786885,0.7441860465116279,0.9142857142857143,0.8205128205128205,0.16048824787139893
LAD,logreg,iso,3,2,0.8675824175824176,0.8974827157312059,0.7377049180327869,0.7021276595744681,0.9428571428571428,0.8048780487804879,0.1756310760974884
LAD,rf,raw,3,2,0.8593406593406592,0.8971241821696976,0.7868852459016393,0.75,0.9428571428571428,0.8354430379746836,0.16695532211695668
LAD,rf,platt,3,2,0.8593406593406592,0.8971241821696976,0.8032786885245902,0.7948717948717948,0.8857142857142857,0.8378378378378378,0.1524582936551062
LAD,rf,iso,3,2,0.854945054945055,0.8786486058993908,0.8032786885245902,0.7948717948717948,0.8857142857142857,0.8378378378378378,0.1516733784730713
LAD,xgb,raw,3,2,0.845054945054945,0.8926781117666392,0.7540983606557377,0.7777777777777778,0.8,0.7887323943661971,0.1645117849111557
LAD,xgb,platt,3,2,0.845054945054945,0.8926781117666392,0.7540983606557377,0.7777777777777778,0.8,0.7887323943661971,0.16137048602104187
LAD,xgb,iso,3,2,0.828021978021978,0.8723830397375254,0.7377049180327869,0.8064516129032258,0.7142857142857143,0.7575757575757576,0.1699424535036087
LAD,logreg,raw,3,3,0.8502857142857142,0.8856167286649038,0.7833333333333333,0.8235294117647058,0.8,0.8115942028985508,0.15628531575202942
LAD,logreg,platt,3,3,0.8502857142857142,0.8856167286649038,0.7833333333333333,0.8235294117647058,0.8,0.8115942028985508,0.1517437994480133
LAD,logreg,iso,3,3,0.868,0.8713639577544398,0.8166666666666667,0.8157894736842105,0.8857142857142857,0.8493150684931506,0.14498649537563324
LAD,rf,raw,3,3,0.928,0.9516566274713585,0.85,0.8421052631578947,0.9142857142857143,0.8767123287671232,0.14689678019653127
LAD,rf,platt,3,3,0.928,0.9516566274713585,0.85,0.8611111111111112,0.8857142857142857,0.8732394366197183,0.1104325328002382
LAD,rf,iso,3,3,0.916,0.9286509082369218,0.85,0.8611111111111112,0.8857142857142857,0.8732394366197183,0.11951737396682921
LAD,xgb,raw,3,3,0.9039999999999999,0.9400595282629841,0.8,0.8484848484848485,0.8,0.8235294117647058,0.13099008798599243
LAD,xgb,platt,3,3,0.9039999999999999,0.9400595282629841,0.8,0.8484848484848485,0.8,0.8235294117647058,0.1364409476518631
LAD,xgb,iso,3,3,0.888,0.9097104154670885,0.8,0.8108108108108109,0.8571428571428571,0.8333333333333334,0.14581802487373352
LAD,logreg,raw,3,4,0.7405714285714285,0.7878437767266024,0.7,0.717948717948718,0.8,0.7567567567567568,0.20241346955299377
LAD,logreg,platt,3,4,0.7405714285714285,0.7878437767266024,0.6666666666666666,0.7027027027027027,0.7428571428571429,0.7222222222222222,0.21096473932266235
LAD,logreg,iso,3,4,0.7331428571428571,0.7448205011651358,0.7166666666666667,0.725,0.8285714285714286,0.7733333333333333,0.21472717821598053
LAD,rf,raw,3,4,0.7954285714285714,0.8407617507891623,0.7333333333333333,0.7209302325581395,0.8857142857142857,0.7948717948717948,0.18056364288396978
LAD,rf,platt,3,4,0.7954285714285714,0.8407617507891623,0.75,0.75,0.8571428571428571,0.8,0.1829693407349719
LAD,rf,iso,3,4,0.7845714285714285,0.7796804823881995,0.75,0.7272727272727273,0.9142857142857143,0.810126582278481,0.18402068255325021
LAD,xgb,raw,3,4,0.7245714285714286,0.7955952496456642,0.6666666666666666,0.6829268292682927,0.8,0.7368421052631579,0.22636772692203522
LAD,xgb,platt,3,4,0.7245714285714286,0.7955952496456642,0.6833333333333333,0.6904761904761905,0.8285714285714286,0.7532467532467533,0.22213880717754364
LAD,xgb,iso,3,4,0.7051428571428571,0.7482634225114386,0.6833333333333333,0.7,0.8,0.7466666666666667,0.2289923131465912
LAD,logreg,raw,4,0,0.7722222222222223,0.8172973153939053,0.7377049180327869,0.7380952380952381,0.8611111111111112,0.7948717948717948,0.18632911145687103
LAD,logreg,platt,4,0,0.7722222222222223,0.8172973153939053,0.7213114754098361,0.7317073170731707,0.8333333333333334,0.7792207792207793,0.19061970710754395
LAD,logreg,iso,4,0,0.7672222222222222,0.7769307987984966,0.7049180327868853,0.6875,0.9166666666666666,0.7857142857142857,0.20395350456237793
LAD,rf,raw,4,0,0.8288888888888889,0.8809145015712803,0.7704918032786885,0.75,0.9166666666666666,0.825,0.17073060109289614
LAD,rf,platt,4,0,0.8288888888888889,0.8809145015712803,0.7540983606557377,0.7560975609756098,0.8611111111111112,0.8051948051948052,0.16826876462146373
LAD,rf,iso,4,0,0.8172222222222221,0.8520989826941625,0.7704918032786885,0.7391304347826086,0.9444444444444444,0.8292682926829268,0.16107683275025642
LAD,xgb,raw,4,0,0.7977777777777777,0.8493928333092925,0.7540983606557377,0.7560975609756098,0.8611111111111112,0.8051948051948052,0.1823364943265915
LAD,xgb,platt,4,0,0.7977777777777777,0.8493928333092925,0.7377049180327869,0.7380952380952381,0.8611111111111112,0.7948717948717948,0.17771093547344208
LAD,xgb,iso,4,0,0.7766666666666665,0.8067579594795363,0.7377049180327869,0.7380952380952381,0.8611111111111112,0.7948717948717948,0.1909647136926651
LAD,logreg,raw,4,1,0.9333333333333333,0.9442603527546172,0.8852459016393442,0.9142857142857143,0.8888888888888888,0.9014084507042254,0.12672191858291626
LAD,logreg,platt,4,1,0.9333333333333333,0.9442603527546172,0.8852459016393442,0.9142857142857143,0.8888888888888888,0.9014084507042254,0.12227132171392441
LAD,logreg,iso,4,1,0.9249999999999999,0.9253603501355232,0.8852459016393442,0.8918918918918919,0.9166666666666666,0.9041095890410958,0.11442932486534119
LAD,rf,raw,4,1,0.9233333333333333,0.9475762264799503,0.8688524590163934,0.868421052631579,0.9166666666666666,0.8918918918918919,0.14568069216757745
LAD,rf,platt,4,1,0.9233333333333333,0.9475762264799503,0.8688524590163934,0.8888888888888888,0.8888888888888888,0.8888888888888888,0.12381097794492966
LAD,rf,iso,4,1,0.9055555555555556,0.9170023816762947,0.8360655737704918,0.90625,0.8055555555555556,0.8529411764705882,0.1375672839805206
LAD,xgb,raw,4,1,0.861111111111111,0.9111537706767341,0.7540983606557377,0.7692307692307693,0.8333333333333334,0.8,0.14884789288043976
LAD,xgb,platt,4,1,0.861111111111111,0.9111537706767341,0.7540983606557377,0.7560975609756098,0.8611111111111112,0.8051948051948052,0.15399205684661865
LAD,xgb,iso,4,1,0.8494444444444443,0.876393342102739,0.7377049180327869,0.7083333333333334,0.9444444444444444,0.8095238095238095,0.16370068490505219
LAD,logreg,raw,4,2,0.8208791208791208,0.859279859813897,0.8032786885245902,0.7674418604651163,0.9428571428571428,0.8461538461538461,0.16555915772914886
LAD,logreg,platt,4,2,0.8208791208791208,0.859279859813897,0.7868852459016393,0.7619047619047619,0.9142857142857143,0.8311688311688312,0.1648912876844406
LAD,logreg,iso,4,2,0.7890109890109891,0.7827084975962719,0.8032786885245902,0.7674418604651163,0.9428571428571428,0.8461538461538461,0.16717378795146942
LAD,rf,raw,4,2,0.8087912087912087,0.8356687193418884,0.7704918032786885,0.7441860465116279,0.9142857142857143,0.8205128205128205,0.17337073473093967
LAD,rf,platt,4,2,0.8087912087912087,0.8356687193418884,0.7704918032786885,0.7441860465116279,0.9142857142857143,0.8205128205128205,0.16384664730587095
LAD,rf,iso,4,2,0.8263736263736263,0.8273598877526829,0.7704918032786885,0.7441860465116279,0.9142857142857143,0.8205128205128205,0.1634722315394022
LAD,xgb,raw,4,2,0.7923076923076924,0.8240388414885348,0.7540983606557377,0.7380952380952381,0.8857142857142857,0.8051948051948052,0.18225930631160736
LAD,xgb,platt,4,2,0.7923076923076924,0.8240388414885348,0.7540983606557377,0.7380952380952381,0.8857142857142857,0.8051948051948052,0.17826703190803528
LAD,xgb,iso,4,2,0.7631868131868133,0.7762104422188216,0.7049180327868853,0.7428571428571429,0.7428571428571429,0.7428571428571429,0.18725597858428955
LAD,logreg,raw,4,3,0.8011428571428572,0.8622487941829605,0.75,0.8125,0.7428571428571429,0.7761194029850746,0.1772622913122177
LAD,logreg,platt,4,3,0.8011428571428572,0.8622487941829605,0.75,0.8125,0.7428571428571429,0.7761194029850746,0.18086478114128113
LAD,logreg,iso,4,3,0.7908571428571429,0.8497979139253324,0.7833333333333333,0.8055555555555556,0.8285714285714286,0.8169014084507042,0.18094302713871002
LAD,rf,raw,4,3,0.865142857142857,0.9060278693500343,0.7833333333333333,0.7894736842105263,0.8571428571428571,0.821917808219178,0.16470955125203532
LAD,rf,platt,4,3,0.865142857142857,0.9060278693500343,0.8,0.8285714285714286,0.8285714285714286,0.8285714285714286,0.1499371825971104
LAD,rf,iso,4,3,0.8565714285714285,0.878382897680754,0.7833333333333333,0.8055555555555556,0.8285714285714286,0.8169014084507042,0.15962679359227186
LAD,xgb,raw,4,3,0.8308571428571428,0.8684389072232124,0.7833333333333333,0.84375,0.7714285714285715,0.8059701492537313,0.1626702845096588
LAD,xgb,platt,4,3,0.8308571428571428,0.8684389072232124,0.7833333333333333,0.84375,0.7714285714285715,0.8059701492537313,0.1636752039194107
LAD,xgb,iso,4,3,0.8400000000000001,0.8639904709115387,0.75,0.75,0.8571428571428571,0.8,0.16937308013439178
LAD,logreg,raw,4,4,0.856,0.8968006188979548,0.7833333333333333,0.775,0.8857142857142857,0.8266666666666667,0.15187637507915497
LAD,logreg,platt,4,4,0.856,0.8968006188979548,0.7833333333333333,0.775,0.8857142857142857,0.8266666666666667,0.15121769905090332
LAD,logreg,iso,4,4,0.848,0.885240573393816,0.8,0.7674418604651163,0.9428571428571428,0.8461538461538461,0.14582863450050354
LAD,rf,raw,4,4,0.8559999999999999,0.8686800334428876,0.8,0.7948717948717948,0.8857142857142857,0.8378378378378378,0.15741989223516886
LAD,rf,platt,4,4,0.8559999999999999,0.8686800334428876,0.8,0.7948717948717948,0.8857142857142857,0.8378378378378378,0.145475938863309
LAD,rf,iso,4,4,0.8502857142857143,0.8553842674513596,0.8,0.7948717948717948,0.8857142857142857,0.8378378378378378,0.15002905456179136
LAD,xgb,raw,4,4,0.8537142857142856,0.8688858420310123,0.8,0.7948717948717948,0.8857142857142857,0.8378378378378378,0.150522381067276
LAD,xgb,platt,4,4,0.8537142857142856,0.8688858420310123,0.8,0.7948717948717948,0.8857142857142857,0.8378378378378378,0.14828413724899292
LAD,xgb,iso,4,4,0.8468571428571428,0.8436591009589605,0.8,0.7948717948717948,0.8857142857142857,0.8378378378378378,0.15343299508094788
LCX,logreg,raw,0,0,0.6002252252252253,0.5248057308762443,0.5901639344262295,0.47368421052631576,0.375,0.4186046511627907,0.24945011734962463
LCX,logreg,platt,0,0,0.6002252252252253,0.5248057308762443,0.6065573770491803,0.5,0.3333333333333333,0.4,0.24340657889842987
LCX,logreg,iso,0,0,0.5805180180180181,0.4701205173233926,0.5737704918032787,0.4583333333333333,0.4583333333333333,0.4583333333333333,0.26402005553245544
LCX,rf,raw,0,0,0.634009009009009,0.5363991451502805,0.639344262295082,0.5625,0.375,0.45,0.2283791794525477
LCX,rf,platt,0,0,0.634009009009009,0.5363991451502805,0.6229508196721312,0.5238095238095238,0.4583333333333333,0.4888888888888889,0.23774301370504236
LCX,rf,iso,0,0,0.6036036036036037,0.4597478242720488,0.5573770491803278,0.45161290322580644,0.5833333333333334,0.509090909090909,0.26134157910683864
LCX,xgb,raw,0,0,0.6858108108108107,0.6248390768153951,0.6721311475409836,0.625,0.4166666666666667,0.5,0.22253987193107605
LCX,xgb,platt,0,0,0.6858108108108107,0.6248390768153951,0.6721311475409836,0.625,0.4166666666666667,0.5,0.2142425924539566
LCX,xgb,iso,0,0,0.6903153153153153,0.602302731848708,0.5901639344262295,0.4838709677419355,0.625,0.5454545454545454,0.22974908351898193
LCX,logreg,raw,0,1,0.697072072072072,0.608438947924156,0.6065573770491803,0.5,0.2916666666666667,0.3684210526315789,0.2107381820678711
LCX,logreg,platt,0,1,0.697072072072072,0.608438947924156,0.639344262295082,0.6,0.25,0.35294117647058826,0.21043768525123596
LCX,logreg,iso,0,1,0.6981981981981983,0.5942417332123214,0.639344262295082,0.6666666666666666,0.16666666666666666,0.26666666666666666,0.2068684846162796
LCX,rf,raw,0,1,0.7804054054054055,0.6633181016203914,0.6557377049180327,0.6153846153846154,0.3333333333333333,0.43243243243243246,0.19584261180901008
LCX,rf,platt,0,1,0.7804054054054055,0.6633181016203914,0.6557377049180327,0.5789473684210527,0.4583333333333333,0.5116279069767442,0.18845151403696117
LCX,rf,iso,0,1,0.7567567567567567,0.5876008843452729,0.6885245901639344,0.6470588235294118,0.4583333333333333,0.5365853658536586,0.19545831260079904
LCX,xgb,raw,0,1,0.759009009009009,0.6083566294804932,0.6885245901639344,0.631578947368421,0.5,0.5581395348837209,0.1995522826910019
LCX,xgb,platt,0,1,0.759009009009009,0.6083566294804932,0.6885245901639344,0.6666666666666666,0.4166666666666667,0.5128205128205128,0.19446098804473877
LCX,xgb,iso,0,1,0.7449324324324325,0.568931930733173,0.6557377049180327,0.5714285714285714,0.5,0.5333333333333333,0.2007705569267273
LCX,logreg,raw,0,2,0.7612612612612613,0.6954092158160008,0.6885245901639344,0.6923076923076923,0.375,0.4864864864864865,0.1911931186914444
LCX,logreg,platt,0,2,0.7612612612612613,0.6954092158160008,0.7049180327868853,0.875,0.2916666666666667,0.4375,0.20021983981132507
LCX,logreg,iso,0,2,0.7753378378378378,0.6828716524488583,0.7213114754098361,0.8888888888888888,0.3333333333333333,0.48484848484848486,0.1917705237865448
LCX,rf,raw,0,2,0.8333333333333333,0.7606080608482048,0.7049180327868853,0.875,0.2916666666666667,0.4375,0.1890954853915648
LCX,rf,platt,0,2,0.8333333333333333,0.7606080608482048,0.7540983606557377,0.8,0.5,0.6153846153846154,0.17580784015249637
LCX,rf,iso,0,2,0.8226351351351351,0.7013882515181014,0.7704918032786885,0.7777777777777778,0.5833333333333334,0.6666666666666666,0.17247439308383405
LCX,xgb,raw,0,2,0.8434684684684685,0.7226235486547656,0.7213114754098361,0.7333333333333333,0.4583333333333333,0.5641025641025641,0.1687888354063034
LCX,xgb,platt,0,2,0.8434684684684685,0.7226235486547656,0.7213114754098361,0.7333333333333333,0.4583333333333333,0.5641025641025641,0.1754772961139679
LCX,xgb,iso,0,2,0.8186936936936937,0.6587738348607913,0.7049180327868853,0.7142857142857143,0.4166666666666667,0.5263157894736842,0.18783505260944366
LCX,logreg,raw,0,3,0.5851938895417157,0.44733524186902346,0.6,0.47058823529411764,0.34782608695652173,0.4,0.2518984079360962
LCX,logreg,platt,0,3,0.5851938895417157,0.44733524186902346,0.6,0.47058823529411764,0.34782608695652173,0.4,0.24823875725269318
LCX,logreg,iso,0,3,0.5834312573443008,0.42658983210345325,0.5666666666666667,0.36363636363636365,0.17391304347826086,0.23529411764705882,0.25945356488227844
LCX,rf,raw,0,3,0.663924794359577,0.4952176142302781,0.6,0.4666666666666667,0.30434782608695654,0.3684210526315789,0.2200144514894052
LCX,rf,platt,0,3,0.663924794359577,0.4952176142302781,0.6833333333333333,0.6,0.5217391304347826,0.5581395348837209,0.22366396732443275
LCX,rf,iso,0,3,0.6603995299647474,0.48742262085242294,0.65,0.5555555555555556,0.43478260869565216,0.4878048780487805,0.23573753407862968
LCX,xgb,raw,0,3,0.6662749706227967,0.5052848321218677,0.6833333333333333,0.5833333333333334,0.6086956521739131,0.5957446808510638,0.24197202920913696
LCX,xgb,platt,0,3,0.6662749706227967,0.5052848321218677,0.6666666666666666,0.5714285714285714,0.5217391304347826,0.5454545454545454,0.22717760503292084
LCX,xgb,iso,0,3,0.6850763807285547,0.49616706806043687,0.6833333333333333,0.6,0.5217391304347826,0.5581395348837209,0.22941480576992035
LCX,logreg,raw,0,4,0.6377314814814814,0.5231794944483185,0.6,0.5,0.375,0.42857142857142855,0.23172736167907715
LCX,logreg,platt,0,4,0.6377314814814814,0.5231794944483185,0.6333333333333333,0.5625,0.375,0.45,0.2272414118051529
LCX,logreg,iso,0,4,0.6666666666666666,0.4988921957671958,0.6333333333333333,0.5625,0.375,0.45,0.22573448717594147
LCX,rf,raw,0,4,0.7291666666666667,0.6079879866041521,0.6333333333333333,0.5714285714285714,0.3333333333333333,0.42105263157894735,0.21078489056673208
LCX,rf,platt,0,4,0.7291666666666667,0.6079879866041521,0.6833333333333333,0.6086956521739131,0.5833333333333334,0.5957446808510638,0.20728581056023052
LCX,rf,iso,0,4,0.708912037037037,0.5920979532163743,0.6333333333333333,0.5277777777777778,0.7916666666666666,0.6333333333333333,0.22088389650739343
LCX,xgb,raw,0,4,0.7291666666666667,0.6465764025346586,0.7333333333333333,0.75,0.5,0.6,0.2045990377664566
LCX,xgb,platt,0,4,0.7291666666666667,0.6465764025346586,0.7166666666666667,0.7333333333333333,0.4583333333333333,0.5641025641025641,0.2041260302066803
LCX,xgb,iso,0,4,0.7268518518518519,0.6207682652995152,0.6333333333333333,0.53125,0.7083333333333334,0.6071428571428571,0.20808880031108856
LCX,logreg,raw,1,0,0.5765765765765766,0.4407209980544644,0.4918032786885246,0.3157894736842105,0.25,0.27906976744186046,0.24306197464466095
LCX,logreg,platt,1,0,0.5765765765765766,0.4407209980544644,0.5409836065573771,0.35714285714285715,0.20833333333333334,0.2631578947368421,0.23726274073123932
LCX,logreg,iso,1,0,0.5518018018018018,0.4178522370486656,0.5245901639344263,0.42857142857142855,0.625,0.5084745762711864,0.2344372719526291
LCX,rf,raw,1,0,0.6925675675675675,0.5598700867746852,0.639344262295082,0.6,0.25,0.35294117647058826,0.21405695376896922
LCX,rf,platt,1,0,0.6925675675675675,0.5598700867746852,0.7049180327868853,0.6666666666666666,0.5,0.5714285714285714,0.21402980767039587
LCX,rf,iso,1,0,0.7117117117117117,0.559125346395956,0.7049180327868853,0.6666666666666666,0.5,0.5714285714285714,0.21070238783894835
LCX,xgb,raw,1,0,0.6734234234234234,0.5137935264506606,0.639344262295082,0.55,0.4583333333333333,0.5,0.2296900898218155
LCX,xgb,platt,1,0,0.6734234234234234,0.5137935264506606,0.639344262295082,0.5714285714285714,0.3333333333333333,0.42105263157894735,0.22276821732521057
LCX,xgb,iso,1,0,0.6858108108108109,0.5235026475165714,0.6721311475409836,0.5833333333333334,0.5833333333333334,0.5833333333333334,0.21504239737987518
LCX,logreg,raw,1,1,0.7466216216216216,0.6923668263599827,0.7213114754098361,0.7692307692307693,0.4166666666666667,0.5405405405405406,0.1968691349029541
LCX,logreg,platt,1,1,0.7466216216216216,0.6923668263599827,0.7049180327868853,0.8,0.3333333333333333,0.47058823529411764,0.2049233317375183
LCX,logreg,iso,1,1,0.6948198198198198,0.5869762917505466,0.6557377049180327,0.8,0.16666666666666666,0.27586206896551724,0.2151457965373993
LCX,rf,raw,1,1,0.8029279279279279,0.7238132410844511,0.7049180327868853,0.7142857142857143,0.4166666666666667,0.5263157894736842,0.19478645368835104
LCX,rf,platt,1,1,0.8029279279279279,0.7238132410844511,0.7377049180327869,0.7222222222222222,0.5416666666666666,0.6190476190476191,0.18570418340926526
LCX,rf,iso,1,1,0.75,0.5937605218855219,0.6721311475409836,0.5555555555555556,0.8333333333333334,0.6666666666666666,0.1995037811047941
LCX,xgb,raw,1,1,0.7871621621621622,0.6659842352795567,0.7213114754098361,0.6666666666666666,0.5833333333333334,0.6222222222222222,0.1846487820148468
LCX,xgb,platt,1,1,0.7871621621621622,0.6659842352795567,0.7049180327868853,0.6875,0.4583333333333333,0.55,0.19191892445087433
LCX,xgb,iso,1,1,0.8006756756756758,0.6900783822658824,0.7049180327868853,0.75,0.375,0.5,0.19012580811977386
LCX,logreg,raw,1,2,0.6295045045045045,0.5314859248289406,0.639344262295082,0.5714285714285714,0.3333333333333333,0.42105263157894735,0.23341742157936096
LCX,logreg,platt,1,2,0.6295045045045045,0.5314859248289406,0.639344262295082,0.5714285714285714,0.3333333333333333,0.42105263157894735,0.2290688455104828
LCX,logreg,iso,1,2,0.6379504504504504,0.5190036184021042,0.6229508196721312,0.5333333333333333,0.3333333333333333,0.41025641025641024,0.23100800812244415
LCX,rf,raw,1,2,0.6148648648648649,0.5321292229197604,0.6557377049180327,0.6363636363636364,0.2916666666666667,0.4,0.22747874056660247
LCX,rf,platt,1,2,0.6148648648648649,0.5321292229197604,0.6721311475409836,0.6,0.5,0.5454545454545454,0.23724078022626674
LCX,rf,iso,1,2,0.6148648648648649,0.504091189740538,0.6721311475409836,0.6,0.5,0.5454545454545454,0.24089623315001696
LCX,xgb,raw,1,2,0.6013513513513514,0.4949615625909422,0.6065573770491803,0.5,0.375,0.42857142857142855,0.2609047591686249
LCX,xgb,platt,1,2,0.6013513513513514,0.4949615625909422,0.6065573770491803,0.5,0.4166666666666667,0.45454545454545453,0.2496647983789444
LCX,xgb,iso,1,2,0.6024774774774775,0.4591175188534518,0.5737704918032787,0.46153846153846156,0.5,0.48,0.2586200535297394
LCX,logreg,raw,1,3,0.681551116333725,0.5892848414210528,0.5833333333333334,0.4375,0.30434782608695654,0.358974358974359,0.22188806533813477
LCX,logreg,platt,1,3,0.681551116333725,0.5892848414210528,0.6166666666666667,0.5,0.30434782608695654,0.3783783783783784,0.2163206785917282
LCX,logreg,iso,1,3,0.6762632197414806,0.5151375405591957,0.6166666666666667,0.5,0.30434782608695654,0.3783783783783784,0.22242484986782074
LCX,rf,raw,1,3,0.8166862514688601,0.7318642233686372,0.6666666666666666,0.6153846153846154,0.34782608695652173,0.4444444444444444,0.1813698148148148
LCX,rf,platt,1,3,0.8166862514688601,0.7318642233686372,0.6833333333333333,0.6428571428571429,0.391304347826087,0.4864864864864865,0.1782598991834407
LCX,rf,iso,1,3,0.8231492361927144,0.6960838430061234,0.7,0.631578947368421,0.5217391304347826,0.5714285714285714,0.17232412470511924
LCX,xgb,raw,1,3,0.8413631022326674,0.7631872763881147,0.7666666666666667,0.7142857142857143,0.6521739130434783,0.6818181818181818,0.16215331852436066
LCX,xgb,platt,1,3,0.8413631022326674,0.7631872763881147,0.75,0.7222222222222222,0.5652173913043478,0.6341463414634146,0.1656794399023056
LCX,xgb,iso,1,3,0.8290246768507639,0.7001540704302227,0.7333333333333333,0.6206896551724138,0.782608695652174,0.6923076923076923,0.16871759295463562
LCX,logreg,raw,1,4,0.6666666666666666,0.5740800414546576,0.65,0.5714285714285714,0.5,0.5333333333333333,0.2260393649339676
LCX,logreg,platt,1,4,0.6666666666666666,0.5740800414546576,0.6333333333333333,0.55,0.4583333333333333,0.5,0.2213691622018814
LCX,logreg,iso,1,4,0.6649305555555556,0.5211197530033385,0.6333333333333333,0.5416666666666666,0.5416666666666666,0.5416666666666666,0.22721491754055023
LCX,rf,raw,1,4,0.6458333333333333,0.516593914719884,0.6,0.5,0.25,0.3333333333333333,0.22283843286725444
LCX,rf,platt,1,4,0.6458333333333333,0.516593914719884,0.6,0.5,0.3333333333333333,0.4,0.22431500241103894
LCX,rf,iso,1,4,0.6481481481481481,0.5017083969934848,0.5833333333333334,0.47368421052631576,0.375,0.4186046511627907,0.23568015539236906
LCX,xgb,raw,1,4,0.7233796296296295,0.5598651649969089,0.6666666666666666,0.6,0.5,0.5454545454545454,0.220303475856781
LCX,xgb,platt,1,4,0.7233796296296295,0.5598651649969089,0.6166666666666667,0.5294117647058824,0.375,0.43902439024390244,0.20759722590446472
LCX,xgb,iso,1,4,0.7164351851851851,0.5866810069015952,0.6166666666666667,0.5294117647058824,0.375,0.43902439024390244,0.22542992234230042
LCX,logreg,raw,2,0,0.5912162162162162,0.46926755519935126,0.6229508196721312,0.5238095238095238,0.4583333333333333,0.4888888888888889,0.25166240334510803
LCX,logreg,platt,2,0,0.5912162162162162,0.46926755519935126,0.6065573770491803,0.5,0.3333333333333333,0.4,0.23969630897045135
LCX,logreg,iso,2,0,0.5923423423423424,0.46573681060822336,0.6065573770491803,0.5,0.3333333333333333,0.4,0.24442324042320251
LCX,rf,raw,2,0,0.6677927927927928,0.5220119020053552,0.6229508196721312,0.5263157894736842,0.4166666666666667,0.46511627906976744,0.22209665758091293
LCX,rf,platt,2,0,0.6677927927927928,0.5220119020053552,0.639344262295082,0.55,0.4583333333333333,0.5,0.2265931665733313
LCX,rf,iso,2,0,0.6756756756756757,0.5369584376240351,0.639344262295082,0.55,0.4583333333333333,0.5,0.22644336806817789
LCX,xgb,raw,2,0,0.6756756756756757,0.5562810660968857,0.639344262295082,0.55,0.4583333333333333,0.5,0.22927455604076385
LCX,xgb,platt,2,0,0.6756756756756757,0.5562810660968857,0.639344262295082,0.5555555555555556,0.4166666666666667,0.47619047619047616,0.21808719635009766
LCX,xgb,iso,2,0,0.6756756756756757,0.5922756449694434,0.6557377049180327,0.5555555555555556,0.625,0.5882352941176471,0.22414769232273102
LCX,logreg,raw,2,1,0.7635135135135135,0.6787883769345369,0.7213114754098361,0.6842105263157895,0.5416666666666666,0.6046511627906976,0.1909644454717636
LCX,logreg,platt,2,1,0.7635135135135135,0.6787883769345369,0.6885245901639344,0.7272727272727273,0.3333333333333333,0.45714285714285713,0.1993776261806488
LCX,logreg,iso,2,1,0.7612612612612613,0.6184906206008489,0.6721311475409836,0.5769230769230769,0.625,0.6,0.1932719200849533
LCX,rf,raw,2,1,0.7759009009009009,0.6703573743877858,0.6721311475409836,0.7,0.2916666666666667,0.4117647058823529,0.20207447937970344
LCX,rf,platt,2,1,0.7759009009009009,0.6703573743877858,0.7540983606557377,0.7368421052631579,0.5833333333333334,0.6511627906976745,0.19229694339255654
LCX,rf,iso,2,1,0.777027027027027,0.6615701590751243,0.7049180327868853,0.6,0.75,0.6666666666666666,0.19044217979515454
LCX,xgb,raw,2,1,0.7015765765765766,0.6058107556867156,0.6557377049180327,0.5789473684210527,0.4583333333333333,0.5116279069767442,0.21077440679073334
LCX,xgb,platt,2,1,0.7015765765765766,0.6058107556867156,0.6557377049180327,0.5789473684210527,0.4583333333333333,0.5116279069767442,0.20873089134693146
LCX,xgb,iso,2,1,0.6829954954954954,0.5263290564282941,0.639344262295082,0.5384615384615384,0.5833333333333334,0.56,0.2081262171268463
LCX,logreg,raw,2,2,0.7229729729729729,0.6430121641183836,0.6721311475409836,0.625,0.4166666666666667,0.5,0.20516084134578705
LCX,logreg,platt,2,2,0.7229729729729729,0.6430121641183836,0.7049180327868853,0.75,0.375,0.5,0.20628827810287476
LCX,logreg,iso,2,2,0.6959459459459459,0.5402602690812037,0.6721311475409836,0.6111111111111112,0.4583333333333333,0.5238095238095238,0.21651290357112885
LCX,rf,raw,2,2,0.7477477477477477,0.6441918386905419,0.7213114754098361,0.7333333333333333,0.4583333333333333,0.5641025641025641,0.2025293183926304
LCX,rf,platt,2,2,0.7477477477477477,0.6441918386905419,0.7049180327868853,0.6666666666666666,0.5,0.5714285714285714,0.19733599057540469
LCX,rf,iso,2,2,0.7533783783783785,0.6229544663020512,0.7213114754098361,0.7333333333333333,0.4583333333333333,0.5641025641025641,0.1952021346098243
LCX,xgb,raw,2,2,0.7725225225225225,0.6204419961077571,0.6557377049180327,0.5789473684210527,0.4583333333333333,0.5116279069767442,0.20452766120433807
LCX,xgb,platt,2,2,0.7725225225225225,0.6204419961077571,0.7049180327868853,0.6875,0.4583333333333333,0.55,0.19847120344638824
LCX,xgb,iso,2,2,0.7393018018018018,0.5739545189459345,0.7213114754098361,0.64,0.6666666666666666,0.6530612244897959,0.20335045456886292
LCX,logreg,raw,2,3,0.6415981198589894,0.48941574214895933,0.5666666666666667,0.4,0.2608695652173913,0.3157894736842105,0.231340691447258
LCX,logreg,platt,2,3,0.6415981198589894,0.48941574214895933,0.5666666666666667,0.38461538461538464,0.21739130434782608,0.2777777777777778,0.2254844754934311
LCX,logreg,iso,2,3,0.627497062279671,0.4652547135901253,0.6,0.42857142857142855,0.13043478260869565,0.2,0.22060070931911469
LCX,rf,raw,2,3,0.7285546415981199,0.6190065576569403,0.7166666666666667,0.7142857142857143,0.43478260869565216,0.5405405405405406,0.20652502730450506
LCX,rf,platt,2,3,0.7285546415981199,0.6190065576569403,0.7,0.6470588235294118,0.4782608695652174,0.55,0.20275595154900236
LCX,rf,iso,2,3,0.7238542890716804,0.5821644730919928,0.7,0.631578947368421,0.5217391304347826,0.5714285714285714,0.20539104760088242
LCX,xgb,raw,2,3,0.7720329024676851,0.6547667807605502,0.7166666666666667,0.625,0.6521739130434783,0.6382978723404256,0.190505251288414
LCX,xgb,platt,2,3,0.7720329024676851,0.6547667807605502,0.7333333333333333,0.6666666666666666,0.6086956521739131,0.6363636363636364,0.1940128058195114
LCX,xgb,iso,2,3,0.7226792009400705,0.5810994634012411,0.7166666666666667,0.6875,0.4782608695652174,0.5641025641025641,0.2072652280330658
LCX,logreg,raw,2,4,0.75,0.679630799837033,0.7,0.6666666666666666,0.5,0.5714285714285714,0.1976984441280365
LCX,logreg,platt,2,4,0.75,0.679630799837033,0.7,0.7142857142857143,0.4166666666666667,0.5263157894736842,0.20050369203090668
LCX,logreg,iso,2,4,0.7488425925925926,0.6360684878835196,0.7166666666666667,0.6521739130434783,0.625,0.6382978723404256,0.1963735967874527
LCX,rf,raw,2,4,0.7847222222222222,0.7144722494912827,0.7166666666666667,0.8888888888888888,0.3333333333333333,0.48484848484848486,0.19571582746842708
LCX,rf,platt,2,4,0.7847222222222222,0.7144722494912827,0.7,0.7142857142857143,0.4166666666666667,0.5263157894736842,0.18616387839166323
LCX,rf,iso,2,4,0.7881944444444444,0.700495890275302,0.7166666666666667,0.8888888888888888,0.3333333333333333,0.48484848484848486,0.17992272614616978
LCX,xgb,raw,2,4,0.8229166666666666,0.7606628238748981,0.7333333333333333,0.75,0.5,0.6,0.17020145058631897
LCX,xgb,platt,2,4,0.8229166666666666,0.7606628238748981,0.75,0.8,0.5,0.6153846153846154,0.17986972630023956
LCX,xgb,iso,2,4,0.7858796296296295,0.665878212155803,0.7333333333333333,0.75,0.5,0.6,0.18898706138134003
LCX,logreg,raw,3,0,0.7421171171171171,0.7347868539841824,0.7540983606557377,0.7647058823529411,0.5416666666666666,0.6341463414634146,0.19157089293003082
LCX,logreg,platt,3,0,0.7421171171171171,0.7347868539841824,0.7377049180327869,0.7857142857142857,0.4583333333333333,0.5789473684210527,0.19723279774188995
LCX,logreg,iso,3,0,0.7207207207207207,0.6714848057070893,0.5901639344262295,0.4838709677419355,0.625,0.5454545454545454,0.2142169028520584
LCX,rf,raw,3,0,0.8108108108108107,0.7792310748788525,0.7377049180327869,0.8333333333333334,0.4166666666666667,0.5555555555555556,0.19386754943921108
LCX,rf,platt,3,0,0.8108108108108107,0.7792310748788525,0.7704918032786885,0.75,0.625,0.6818181818181818,0.18111605151158777
LCX,rf,iso,3,0,0.7832207207207207,0.6699868686227526,0.6885245901639344,0.5862068965517241,0.7083333333333334,0.6415094339622641,0.1945878327311227
LCX,xgb,raw,3,0,0.7905405405405406,0.7818279002687825,0.7540983606557377,0.8,0.5,0.6153846153846154,0.1733853667974472
LCX,xgb,platt,3,0,0.7905405405405406,0.7818279002687825,0.7540983606557377,0.8,0.5,0.6153846153846154,0.18114963173866272
LCX,xgb,iso,3,0,0.7849099099099099,0.7208483593242366,0.7868852459016393,0.72,0.75,0.7346938775510204,0.1861041635274887
LCX,logreg,raw,3,1,0.6418918918918919,0.5682395227416875,0.6885245901639344,0.6470588235294118,0.4583333333333333,0.5365853658536586,0.22825856506824493
LCX,logreg,platt,3,1,0.6418918918918919,0.5682395227416875,0.7049180327868853,0.7142857142857143,0.4166666666666667,0.5263157894736842,0.22498540580272675
LCX,logreg,iso,3,1,0.6469594594594594,0.5415251486519069,0.639344262295082,0.5454545454545454,0.5,0.5217391304347826,0.2176782190799713
LCX,rf,raw,3,1,0.7432432432432432,0.6379712223380946,0.6721311475409836,0.6428571428571429,0.375,0.47368421052631576,0.2038428697037508
LCX,rf,platt,3,1,0.7432432432432432,0.6379712223380946,0.6557377049180327,0.5652173913043478,0.5416666666666666,0.5531914893617021,0.197949301924276
LCX,rf,iso,3,1,0.7308558558558559,0.5621459991621282,0.6721311475409836,0.5909090909090909,0.5416666666666666,0.5652173913043478,0.19755638691631722
LCX,xgb,raw,3,1,0.7308558558558558,0.6172567020239689,0.6557377049180327,0.56,0.5833333333333334,0.5714285714285714,0.20597222447395325
LCX,xgb,platt,3,1,0.7308558558558558,0.6172567020239689,0.639344262295082,0.5454545454545454,0.5,0.5217391304347826,0.19932669401168823
LCX,xgb,iso,3,1,0.7173423423423423,0.5663687351003291,0.6229508196721312,0.5263157894736842,0.4166666666666667,0.46511627906976744,0.20391644537448883
LCX,logreg,raw,3,2,0.766891891891892,0.7245387651666978,0.7377049180327869,0.75,0.5,0.6,0.1886170655488968
LCX,logreg,platt,3,2,0.766891891891892,0.7245387651666978,0.7377049180327869,0.75,0.5,0.6,0.19599007070064545
LCX,logreg,iso,3,2,0.7415540540540542,0.6682699793971847,0.7377049180327869,0.75,0.5,0.6,0.21161974966526031
LCX,rf,raw,3,2,0.7894144144144144,0.7100151571199335,0.7704918032786885,0.8571428571428571,0.5,0.631578947368421,0.19193128272450855
LCX,rf,platt,3,2,0.7894144144144144,0.7100151571199335,0.8032786885245902,0.8333333333333334,0.625,0.7142857142857143,0.1817393851027669
LCX,rf,iso,3,2,0.7927927927927927,0.7166127436954135,0.7868852459016393,0.8235294117647058,0.5833333333333334,0.6829268292682927,0.17869393367680636
LCX,xgb,raw,3,2,0.7421171171171171,0.7232557727024511,0.7704918032786885,0.75,0.625,0.6818181818181818,0.19167515635490417
LCX,xgb,platt,3,2,0.7421171171171171,0.7232557727024511,0.7540983606557377,0.7647058823529411,0.5416666666666666,0.6341463414634146,0.19660335779190063
LCX,xgb,iso,3,2,0.7443693693693693,0.6704086225329957,0.7540983606557377,0.68,0.7083333333333334,0.6938775510204082,0.2044169306755066
LCX,logreg,raw,3,3,0.6145710928319623,0.4645890641527535,0.5666666666666667,0.4117647058823529,0.30434782608695654,0.35,0.25211432576179504
LCX,logreg,platt,3,3,0.6145710928319623,0.4645890641527535,0.55,0.35714285714285715,0.21739130434782608,0.2702702702702703,0.23575061559677124
LCX,logreg,iso,3,3,0.5975323149236192,0.43204838284868813,0.55,0.375,0.2608695652173913,0.3076923076923077,0.24205443263053894
LCX,rf,raw,3,3,0.6515863689776733,0.4928312194559734,0.6166666666666667,0.5,0.34782608695652173,0.41025641025641024,0.22358666666666666
LCX,rf,platt,3,3,0.6515863689776733,0.4928312194559734,0.6166666666666667,0.5,0.391304347826087,0.43902439024390244,0.2276479534310066
LCX,rf,iso,3,3,0.6380728554641598,0.4676747810964207,0.6166666666666667,0.5,0.5217391304347826,0.5106382978723404,0.2277774727756775
LCX,xgb,raw,3,3,0.6897767332549941,0.5357926026276143,0.6333333333333333,0.5333333333333333,0.34782608695652173,0.42105263157894735,0.2297210991382599
LCX,xgb,platt,3,3,0.6897767332549941,0.5357926026276143,0.65,0.5714285714285714,0.34782608695652173,0.43243243243243246,0.2163238674402237
LCX,xgb,iso,3,3,0.6839012925969447,0.5436755073934162,0.6166666666666667,0.5,0.7391304347826086,0.5964912280701754,0.22067521512508392
LCX,logreg,raw,3,4,0.6006944444444444,0.44935689343364493,0.5666666666666667,0.4375,0.2916666666666667,0.35,0.24929450452327728
LCX,logreg,platt,3,4,0.6006944444444444,0.44935689343364493,0.5666666666666667,0.4375,0.2916666666666667,0.35,0.24531647562980652
LCX,logreg,iso,3,4,0.5868055555555556,0.4617489550679206,0.55,0.3333333333333333,0.125,0.18181818181818182,0.26126205921173096
LCX,rf,raw,3,4,0.65625,0.5085187249140958,0.6166666666666667,0.5384615384615384,0.2916666666666667,0.3783783783783784,0.22768157621829263
LCX,rf,platt,3,4,0.65625,0.5085187249140958,0.6666666666666666,0.5909090909090909,0.5416666666666666,0.5652173913043478,0.23722846810167567
LCX,rf,iso,3,4,0.6354166666666666,0.49285384331116033,0.6,0.5,0.20833333333333334,0.29411764705882354,0.2412201497915144
LCX,xgb,raw,3,4,0.6550925925925926,0.4946876875744182,0.6333333333333333,0.5454545454545454,0.5,0.5217391304347826,0.24837900698184967
LCX,xgb,platt,3,4,0.6550925925925926,0.4946876875744182,0.6333333333333333,0.55,0.4583333333333333,0.5,0.2362222671508789
LCX,xgb,iso,3,4,0.6527777777777777,0.4892807321284765,0.55,0.2857142857142857,0.08333333333333333,0.12903225806451613,0.25944098830223083
LCX,logreg,raw,4,0,0.7229729729729729,0.619452917159361,0.6721311475409836,0.6,0.5,0.5454545454545454,0.2035779058933258
LCX,logreg,platt,4,0,0.7229729729729729,0.619452917159361,0.6557377049180327,0.5882352941176471,0.4166666666666667,0.4878048780487805,0.20562085509300232
LCX,logreg,iso,4,0,0.6717342342342343,0.5293493949836819,0.6229508196721312,0.5714285714285714,0.16666666666666666,0.25806451612903225,0.21194243431091309
LCX,rf,raw,4,0,0.8164414414414414,0.736971794733899,0.7049180327868853,0.75,0.375,0.5,0.18612947166401936
LCX,rf,platt,4,0,0.8164414414414414,0.736971794733899,0.7377049180327869,0.6818181818181818,0.625,0.6521739130434783,0.17200605778976158
LCX,rf,iso,4,0,0.8254504504504504,0.6905574769433466,0.7540983606557377,0.6956521739130435,0.6666666666666666,0.6808510638297872,0.17342560194867213
LCX,xgb,raw,4,0,0.822072072072072,0.7478823727953149,0.7868852459016393,0.7619047619047619,0.6666666666666666,0.7111111111111111,0.16288109123706818
LCX,xgb,platt,4,0,0.822072072072072,0.7478823727953149,0.7540983606557377,0.7368421052631579,0.5833333333333334,0.6511627906976745,0.17072033882141113
LCX,xgb,iso,4,0,0.821509009009009,0.6905501181588138,0.7868852459016393,0.7391304347826086,0.7083333333333334,0.723404255319149,0.170919269323349
LCX,logreg,raw,4,1,0.6227477477477478,0.5586535407241472,0.5901639344262295,0.4666666666666667,0.2916666666666667,0.358974358974359,0.2333686798810959
LCX,logreg,platt,4,1,0.6227477477477478,0.5586535407241472,0.6065573770491803,0.5,0.2916666666666667,0.3684210526315789,0.22977314889431
LCX,logreg,iso,4,1,0.6210585585585585,0.5401931754790562,0.5901639344262295,0.48,0.5,0.4897959183673469,0.23878465592861176
LCX,rf,raw,4,1,0.6644144144144144,0.5932718573132869,0.6721311475409836,0.6666666666666666,0.3333333333333333,0.4444444444444444,0.21501239431257
LCX,rf,platt,4,1,0.6644144144144144,0.5932718573132869,0.6557377049180327,0.6,0.375,0.46153846153846156,0.21960987164666318
LCX,rf,iso,4,1,0.6542792792792793,0.538222279299626,0.639344262295082,0.5625,0.375,0.45,0.23924457102148777
LCX,xgb,raw,4,1,0.7128378378378378,0.6294943089343652,0.6721311475409836,0.625,0.4166666666666667,0.5,0.222525954246521
LCX,xgb,platt,4,1,0.7128378378378378,0.6294943089343652,0.6885245901639344,0.6666666666666666,0.4166666666666667,0.5128205128205128,0.20963720977306366
LCX,xgb,iso,4,1,0.6953828828828829,0.5675968807986048,0.639344262295082,0.5454545454545454,0.5,0.5217391304347826,0.2236441969871521
LCX,logreg,raw,4,2,0.7094594594594594,0.5407894094183258,0.7049180327868853,0.6666666666666666,0.5,0.5714285714285714,0.21906684339046478
LCX,logreg,platt,4,2,0.7094594594594594,0.5407894094183258,0.7049180327868853,0.6666666666666666,0.5,0.5714285714285714,0.21702498197555542
LCX,logreg,iso,4,2,0.7212837837837838,0.541421178476132,0.6885245901639344,0.631578947368421,0.5,0.5581395348837209,0.22834107279777527
LCX,rf,raw,4,2,0.7286036036036035,0.546006200774004,0.6557377049180327,0.5789473684210527,0.4583333333333333,0.5116279069767442,0.20649253670883472
LCX,rf,platt,4,2,0.7286036036036035,0.546006200774004,0.6721311475409836,0.5909090909090909,0.5416666666666666,0.5652173913043478,0.20673326267242081
LCX,rf,iso,4,2,0.7021396396396395,0.5414856900925012,0.6721311475409836,0.5769230769230769,0.625,0.6,0.22114141753446562
LCX,xgb,raw,4,2,0.7646396396396395,0.5911123611235081,0.7213114754098361,0.6521739130434783,0.625,0.6382978723404256,0.19617213308811188
LCX,xgb,platt,4,2,0.7646396396396395,0.5911123611235081,0.7213114754098361,0.6521739130434783,0.625,0.6382978723404256,0.1947976052761078
LCX,xgb,iso,4,2,0.7832207207207207,0.610216159675746,0.7213114754098361,0.6666666666666666,0.5833333333333334,0.6222222222222222,0.19095559418201447
LCX,logreg,raw,4,3,0.5334900117508813,0.39520513794341944,0.5666666666666667,0.3333333333333333,0.13043478260869565,0.1875,0.26012808084487915
LCX,logreg,platt,4,3,0.5334900117508813,0.39520513794341944,0.5666666666666667,0.3333333333333333,0.13043478260869565,0.1875,0.25934964418411255
LCX,logreg,iso,4,3,0.5475910693301997,0.3961550191395439,0.55,0.3333333333333333,0.17391304347826086,0.22857142857142856,0.2705053687095642
LCX,rf,raw,4,3,0.6568742655699178,0.5454217813077209,0.65,0.6666666666666666,0.17391304347826086,0.27586206896551724,0.2208894089366812
LCX,rf,platt,4,3,0.6568742655699178,0.5454217813077209,0.6666666666666666,0.6363636363636364,0.30434782608695654,0.4117647058823529,0.22120057966574208
LCX,rf,iso,4,3,0.6692126909518215,0.5244430255830045,0.6666666666666666,0.6153846153846154,0.34782608695652173,0.4444444444444444,0.2247356786831697
LCX,xgb,raw,4,3,0.7027027027027026,0.5547265560110992,0.6833333333333333,0.6666666666666666,0.34782608695652173,0.45714285714285713,0.21586258709430695
LCX,xgb,platt,4,3,0.7027027027027026,0.5547265560110992,0.6833333333333333,0.6666666666666666,0.34782608695652173,0.45714285714285713,0.20962367951869965
LCX,xgb,iso,4,3,0.663924794359577,0.48888991600711823,0.5666666666666667,0.2,0.043478260869565216,0.07142857142857142,0.2134346216917038
LCX,logreg,raw,4,4,0.8136574074074074,0.7539102029353912,0.7166666666666667,0.6842105263157895,0.5416666666666666,0.6046511627906976,0.17631559073925018
LCX,logreg,platt,4,4,0.8136574074074074,0.7539102029353912,0.6833333333333333,0.7272727272727273,0.3333333333333333,0.45714285714285713,0.1975909173488617
LCX,logreg,iso,4,4,0.7962962962962963,0.6353156824470678,0.7,0.7142857142857143,0.4166666666666667,0.5263157894736842,0.1939045786857605
LCX,rf,raw,4,4,0.7511574074074074,0.5933411202071578,0.65,0.5882352941176471,0.4166666666666667,0.4878048780487805,0.1967051723042957
LCX,rf,platt,4,4,0.7511574074074074,0.5933411202071578,0.6666666666666666,0.6,0.5,0.5454545454545454,0.19336251594791376
LCX,rf,iso,4,4,0.7465277777777777,0.5780964501674231,0.7,0.5882352941176471,0.8333333333333334,0.6896551724137931,0.19838178007850957
LCX,xgb,raw,4,4,0.8090277777777778,0.6747702817576646,0.7333333333333333,0.6538461538461539,0.7083333333333334,0.68,0.1842837780714035
LCX,xgb,platt,4,4,0.8090277777777778,0.6747702817576646,0.7333333333333333,0.6818181818181818,0.625,0.6521739130434783,0.1865813136100769
LCX,xgb,iso,4,4,0.7835648148148149,0.6265113906561275,0.7,0.6071428571428571,0.7083333333333334,0.6538461538461539,0.18495464324951172
RCA,logreg,raw,0,0,0.6910755148741419,0.5827241828065148,0.6557377049180327,0.5416666666666666,0.5652173913043478,0.5531914893617021,0.21150751411914825
RCA,logreg,platt,0,0,0.6910755148741419,0.5827241828065148,0.6557377049180327,0.5416666666666666,0.5652173913043478,0.5531914893617021,0.21306650340557098
RCA,logreg,iso,0,0,0.6910755148741418,0.565153621897258,0.639344262295082,0.5238095238095238,0.4782608695652174,0.5,0.21164470911026
RCA,rf,raw,0,0,0.6864988558352403,0.6054862147470135,0.6721311475409836,0.6666666666666666,0.2608695652173913,0.375,0.2097704230709206
RCA,rf,platt,0,0,0.6864988558352403,0.6054862147470135,0.6885245901639344,0.625,0.43478260869565216,0.5128205128205128,0.20971145233881777
RCA,rf,iso,0,0,0.6596109839816934,0.5013612561906958,0.6721311475409836,0.7142857142857143,0.21739130434782608,0.3333333333333333,0.22454091868278117
RCA,xgb,raw,0,0,0.6967963386727689,0.6007689311035159,0.639344262295082,0.5294117647058824,0.391304347826087,0.45,0.21094457805156708
RCA,xgb,platt,0,0,0.6967963386727689,0.6007689311035159,0.639344262295082,0.5384615384615384,0.30434782608695654,0.3888888888888889,0.20445369184017181
RCA,xgb,iso,0,0,0.687070938215103,0.5879180830501709,0.6557377049180327,0.5625,0.391304347826087,0.46153846153846156,0.20304323732852936
RCA,logreg,raw,0,1,0.748283752860412,0.6257954885135941,0.6557377049180327,0.625,0.21739130434782608,0.3225806451612903,0.2016359269618988
RCA,logreg,platt,0,1,0.748283752860412,0.6257954885135941,0.6557377049180327,0.625,0.21739130434782608,0.3225806451612903,0.2035197913646698
RCA,logreg,iso,0,1,0.7437070938215103,0.5902408462955555,0.6557377049180327,0.5833333333333334,0.30434782608695654,0.4,0.2003636509180069
RCA,rf,raw,0,1,0.7917620137299771,0.7363741387252902,0.7213114754098361,0.875,0.30434782608695654,0.45161290322580644,0.18965777935707162
RCA,rf,platt,0,1,0.7917620137299771,0.7363741387252902,0.7049180327868853,0.7777777777777778,0.30434782608695654,0.4375,0.18652714952787958
RCA,rf,iso,0,1,0.8049199084668193,0.6868288803787439,0.7377049180327869,0.7692307692307693,0.43478260869565216,0.5555555555555556,0.1844137718579599
RCA,xgb,raw,0,1,0.7951945080091533,0.7335813233661572,0.7213114754098361,0.75,0.391304347826087,0.5142857142857142,0.18108032643795013
RCA,xgb,platt,0,1,0.7951945080091533,0.7335813233661572,0.7213114754098361,0.875,0.30434782608695654,0.45161290322580644,0.19046179950237274
RCA,xgb,iso,0,1,0.7757437070938216,0.6582523211555469,0.7377049180327869,0.7333333333333333,0.4782608695652174,0.5789473684210527,0.18725481629371643
RCA,logreg,raw,0,2,0.7459954233409611,0.6190881166525333,0.7049180327868853,0.6086956521739131,0.6086956521739131,0.6086956521739131,0.19834163784980774
RCA,logreg,platt,0,2,0.7459954233409611,0.6190881166525333,0.7049180327868853,0.6086956521739131,0.6086956521739131,0.6086956521739131,0.1986808329820633
RCA,logreg,iso,0,2,0.7334096109839817,0.5623467207021082,0.7049180327868853,0.6086956521739131,0.6086956521739131,0.6086956521739131,0.20507892966270447
RCA,rf,raw,0,2,0.7334096109839816,0.6248626528632608,0.6721311475409836,0.5789473684210527,0.4782608695652174,0.5238095238095238,0.20339699539283443
RCA,rf,platt,0,2,0.7334096109839816,0.6248626528632608,0.6557377049180327,0.5454545454545454,0.5217391304347826,0.5333333333333333,0.20229787584572906
RCA,rf,iso,0,2,0.721395881006865,0.5686456368297801,0.639344262295082,0.52,0.5652173913043478,0.5416666666666666,0.20874575072611617
RCA,xgb,raw,0,2,0.6807780320366132,0.5056451410956181,0.639344262295082,0.5185185185185185,0.6086956521739131,0.56,0.24837525188922882
RCA,xgb,platt,0,2,0.6807780320366132,0.5056451410956181,0.6557377049180327,0.5416666666666666,0.5652173913043478,0.5531914893617021,0.2205743044614792
RCA,xgb,iso,0,2,0.6956521739130436,0.5824365038794247,0.6229508196721312,0.5,0.5652173913043478,0.5306122448979592,0.22444723546504974
RCA,logreg,raw,0,3,0.7156286721504113,0.5691170197222637,0.6666666666666666,0.6363636363636364,0.30434782608695654,0.4117647058823529,0.22111353278160095
RCA,logreg,platt,0,3,0.7156286721504113,0.5691170197222637,0.65,0.5833333333333334,0.30434782608695654,0.4,0.22130505740642548
RCA,logreg,iso,0,3,0.7162162162162162,0.520942089004288,0.6666666666666666,0.5882352941176471,0.43478260869565216,0.5,0.23202289640903473
RCA,rf,raw,0,3,0.7062279670975322,0.5952151145543891,0.65,0.625,0.21739130434782608,0.3225806451612903,0.20943692448300327
RCA,rf,platt,0,3,0.7062279670975322,0.5952151145543891,0.6666666666666666,0.6,0.391304347826087,0.47368421052631576,0.2083175975673322
RCA,rf,iso,0,3,0.7144535840188014,0.5879412254412254,0.6666666666666666,0.7142857142857143,0.21739130434782608,0.3333333333333333,0.2198581089673967
RCA,xgb,raw,0,3,0.7555816686251469,0.6215172866067181,0.6833333333333333,0.6428571428571429,0.391304347826087,0.4864864864864865,0.20645186305046082
RCA,xgb,platt,0,3,0.7555816686251469,0.6215172866067181,0.7,0.6923076923076923,0.391304347826087,0.5,0.20200695097446442
RCA,xgb,iso,0,3,0.7479435957696826,0.598077443146148,0.6833333333333333,0.6111111111111112,0.4782608695652174,0.5365853658536586,0.20698024332523346
RCA,logreg,raw,0,4,0.7165071770334928,0.636367019656804,0.7166666666666667,0.631578947368421,0.5454545454545454,0.5853658536585366,0.20198455452919006
RCA,logreg,platt,0,4,0.7165071770334928,0.636367019656804,0.6833333333333333,0.6,0.4090909090909091,0.4864864864864865,0.20173177123069763
RCA,logreg,iso,0,4,0.6985645933014354,0.5704677766511841,0.6833333333333333,0.5555555555555556,0.6818181818181818,0.6122448979591837,0.2144719660282135
RCA,rf,raw,0,4,0.6363636363636362,0.5226510746677853,0.6,0.4166666666666667,0.22727272727272727,0.29411764705882354,0.2205985477648367
RCA,rf,platt,0,4,0.6363636363636362,0.5226510746677853,0.6166666666666667,0.46153846153846156,0.2727272727272727,0.34285714285714286,0.22670964079328898
RCA,rf,iso,0,4,0.6208133971291866,0.4479688033715457,0.6333333333333333,0.5,0.18181818181818182,0.26666666666666666,0.24253405709392029
RCA,xgb,raw,0,4,0.6172248803827751,0.47662641247379695,0.6166666666666667,0.47058823529411764,0.36363636363636365,0.41025641025641024,0.2613283395767212
RCA,xgb,platt,0,4,0.6172248803827751,0.47662641247379695,0.5833333333333334,0.38461538461538464,0.22727272727272727,0.2857142857142857,0.2377977818250656
RCA,xgb,iso,0,4,0.5879186602870814,0.4523156933713336,0.5833333333333334,0.4482758620689655,0.5909090909090909,0.5098039215686274,0.2462276667356491
RCA,logreg,raw,1,0,0.6979405034324943,0.6229009934820335,0.6065573770491803,0.45454545454545453,0.21739130434782608,0.29411764705882354,0.20946058630943298
RCA,logreg,platt,1,0,0.6979405034324943,0.6229009934820335,0.639344262295082,0.5555555555555556,0.21739130434782608,0.3125,0.20966267585754395
RCA,logreg,iso,1,0,0.6882151029748284,0.528989545612513,0.6557377049180327,0.5714285714285714,0.34782608695652173,0.43243243243243246,0.21803024411201477
RCA,rf,raw,1,0,0.7139588100686499,0.6539641637424183,0.7049180327868853,0.8571428571428571,0.2608695652173913,0.4,0.20561748776164318
RCA,rf,platt,1,0,0.7139588100686499,0.6539641637424183,0.7213114754098361,0.875,0.30434782608695654,0.45161290322580644,0.20353469887864187
RCA,rf,iso,1,0,0.7259725400457666,0.6135137053132875,0.7377049180327869,0.8888888888888888,0.34782608695652173,0.5,0.20535794068044888
RCA,xgb,raw,1,0,0.700228832951945,0.6259859152254983,0.7049180327868853,0.7777777777777778,0.30434782608695654,0.4375,0.22013777494430542
RCA,xgb,platt,1,0,0.700228832951945,0.6259859152254983,0.6885245901639344,0.75,0.2608695652173913,0.3870967741935484,0.2106657177209854
RCA,xgb,iso,1,0,0.7030892448512587,0.5668112067372888,0.7049180327868853,0.7272727272727273,0.34782608695652173,0.47058823529411764,0.21109230816364288
RCA,logreg,raw,1,1,0.6430205949656751,0.5664674702531749,0.6229508196721312,0.5,0.30434782608695654,0.3783783783783784,0.22190119326114655
RCA,logreg,platt,1,1,0.6430205949656751,0.5664674702531749,0.6229508196721312,0.5,0.30434782608695654,0.3783783783783784,0.2213769108057022
RCA,logreg,iso,1,1,0.6287185354691076,0.4910570156999995,0.6065573770491803,0.46153846153846156,0.2608695652173913,0.3333333333333333,0.23185990750789642
RCA,rf,raw,1,1,0.6487414187643021,0.47127933838413116,0.639344262295082,0.5454545454545454,0.2608695652173913,0.35294117647058826,0.22344358299311254
RCA,rf,platt,1,1,0.6487414187643021,0.47127933838413116,0.6229508196721312,0.5,0.30434782608695654,0.3783783783783784,0.2276197439412918
RCA,rf,iso,1,1,0.6441647597254004,0.4540153895026834,0.5901639344262295,0.4375,0.30434782608695654,0.358974358974359,0.2272297685484317
RCA,xgb,raw,1,1,0.5755148741418765,0.4231981871330382,0.5901639344262295,0.4375,0.30434782608695654,0.358974358974359,0.27127858996391296
RCA,xgb,platt,1,1,0.5755148741418765,0.4231981871330382,0.6065573770491803,0.4666666666666667,0.30434782608695654,0.3684210526315789,0.2403898686170578
RCA,xgb,iso,1,1,0.547482837528604,0.413519891381827,0.6065573770491803,0.47368421052631576,0.391304347826087,0.42857142857142855,0.24757155776023865
RCA,logreg,raw,1,2,0.7860411899313501,0.6944001392489318,0.7049180327868853,0.631578947368421,0.5217391304347826,0.5714285714285714,0.18326574563980103
RCA,logreg,platt,1,2,0.7860411899313501,0.6944001392489318,0.6885245901639344,0.6111111111111112,0.4782608695652174,0.5365853658536586,0.18589061498641968
RCA,logreg,iso,1,2,0.784324942791762,0.6806852366012414,0.7377049180327869,0.7333333333333333,0.4782608695652174,0.5789473684210527,0.18805046379566193
RCA,rf,raw,1,2,0.708237986270023,0.647335720361922,0.6721311475409836,0.6363636363636364,0.30434782608695654,0.4117647058823529,0.2055919818334658
RCA,rf,platt,1,2,0.708237986270023,0.647335720361922,0.639344262295082,0.5294117647058824,0.391304347826087,0.45,0.20325723331318096
RCA,rf,iso,1,2,0.7048054919908466,0.5805969392925915,0.6885245901639344,0.8333333333333334,0.21739130434782608,0.3448275862068966,0.20910601605462967
RCA,xgb,raw,1,2,0.7425629290617849,0.6300924324206953,0.639344262295082,0.5217391304347826,0.5217391304347826,0.5217391304347826,0.20035496354103088
RCA,xgb,platt,1,2,0.7425629290617849,0.6300924324206953,0.6885245901639344,0.6428571428571429,0.391304347826087,0.4864864864864865,0.2026694267988205
RCA,xgb,iso,1,2,0.7414187643020596,0.5860991678783212,0.7049180327868853,0.6666666666666666,0.43478260869565216,0.5263157894736842,0.19796240329742432
RCA,logreg,raw,1,3,0.6897767332549941,0.5166278733383435,0.5666666666666667,0.42105263157894735,0.34782608695652173,0.38095238095238093,0.22222357988357544
RCA,logreg,platt,1,3,0.6897767332549941,0.5166278733383435,0.5666666666666667,0.42105263157894735,0.34782608695652173,0.38095238095238093,0.2230997234582901
RCA,logreg,iso,1,3,0.6739130434782609,0.48565704212795485,0.6,0.47058823529411764,0.34782608695652173,0.4,0.237612783908844
RCA,rf,raw,1,3,0.7579318448883666,0.6192210084487771,0.7,0.6666666666666666,0.43478260869565216,0.5263157894736842,0.19940333059537355
RCA,rf,platt,1,3,0.7579318448883666,0.6192210084487771,0.6833333333333333,0.6111111111111112,0.4782608695652174,0.5365853658536586,0.1960383575601221
RCA,rf,iso,1,3,0.7602820211515864,0.6125611279891496,0.75,0.6333333333333333,0.8260869565217391,0.7169811320754716,0.20111166509120604
RCA,xgb,raw,1,3,0.7696827262044653,0.6387387933684064,0.75,0.7222222222222222,0.5652173913043478,0.6341463414634146,0.18936792016029358
RCA,xgb,platt,1,3,0.7696827262044653,0.6387387933684064,0.7166666666666667,0.7142857142857143,0.43478260869565216,0.5405405405405406,0.1947103589773178
RCA,xgb,iso,1,3,0.7068155111633372,0.5624360532744707,0.6666666666666666,0.6666666666666666,0.2608695652173913,0.375,0.21015392243862152
RCA,logreg,raw,1,4,0.7667464114832535,0.6491173615929285,0.7166666666666667,0.631578947368421,0.5454545454545454,0.5853658536585366,0.1883031278848648
RCA,logreg,platt,1,4,0.7667464114832535,0.6491173615929285,0.7166666666666667,0.6470588235294118,0.5,0.5641025641025641,0.19154542684555054
RCA,logreg,iso,1,4,0.7715311004784688,0.6553349211889572,0.7166666666666667,0.631578947368421,0.5454545454545454,0.5853658536585366,0.201157808303833
RCA,rf,raw,1,4,0.7966507177033494,0.7273862419305246,0.75,0.7058823529411765,0.5454545454545454,0.6153846153846154,0.18745668194721615
RCA,rf,platt,1,4,0.7966507177033494,0.7273862419305246,0.7333333333333333,0.65,0.5909090909090909,0.6190476190476191,0.18656068171197104
RCA,rf,iso,1,4,0.7984449760765551,0.6759459186749852,0.75,0.7692307692307693,0.45454545454545453,0.5714285714285714,0.18243339944147918
RCA,xgb,raw,1,4,0.80622009569378,0.7555523304398686,0.75,0.6296296296296297,0.7727272727272727,0.6938775510204082,0.1769796758890152
RCA,xgb,platt,1,4,0.80622009569378,0.7555523304398686,0.7333333333333333,0.6363636363636364,0.6363636363636364,0.6363636363636364,0.1847115308046341
RCA,xgb,iso,1,4,0.7565789473684211,0.5928821561972247,0.7666666666666667,0.6538461538461539,0.7727272727272727,0.7083333333333334,0.1910277009010315
RCA,logreg,raw,2,0,0.7151029748283754,0.6107957937347651,0.6557377049180327,0.6,0.2608695652173913,0.36363636363636365,0.20534713566303253
RCA,logreg,platt,2,0,0.7151029748283754,0.6107957937347651,0.6557377049180327,0.6,0.2608695652173913,0.36363636363636365,0.20524665713310242
RCA,logreg,iso,2,0,0.7070938215102974,0.558422117714565,0.6721311475409836,0.6,0.391304347826087,0.47368421052631576,0.21420930325984955
RCA,rf,raw,2,0,0.6556064073226544,0.5255280330703699,0.639344262295082,0.5384615384615384,0.30434782608695654,0.3888888888888889,0.21801456768343264
RCA,rf,platt,2,0,0.6556064073226544,0.5255280330703699,0.6557377049180327,0.5625,0.391304347826087,0.46153846153846156,0.2264927770930888
RCA,rf,iso,2,0,0.6573226544622426,0.49996161205493267,0.6229508196721312,0.5,0.2608695652173913,0.34285714285714286,0.23884467453276678
RCA,xgb,raw,2,0,0.6693363844393593,0.5779319497142626,0.6721311475409836,0.5882352941176471,0.43478260869565216,0.5,0.23207564651966095
RCA,xgb,platt,2,0,0.6693363844393593,0.5779319497142626,0.6885245901639344,0.625,0.43478260869565216,0.5128205128205128,0.21674594283103943
RCA,xgb,iso,2,0,0.6447368421052632,0.49132627305728127,0.6557377049180327,0.5833333333333334,0.30434782608695654,0.4,0.23530398309230804
RCA,logreg,raw,2,1,0.7276887871853548,0.626836710946419,0.639344262295082,0.5217391304347826,0.5217391304347826,0.5217391304347826,0.2030760794878006
RCA,logreg,platt,2,1,0.7276887871853548,0.626836710946419,0.6229508196721312,0.5,0.43478260869565216,0.46511627906976744,0.20098194479942322
RCA,logreg,iso,2,1,0.6859267734553776,0.5108062026220594,0.6229508196721312,0.5,0.4782608695652174,0.4888888888888889,0.2092903107404709
RCA,rf,raw,2,1,0.745995423340961,0.6597070756357654,0.6885245901639344,0.6111111111111112,0.4782608695652174,0.5365853658536586,0.2019155488108992
RCA,rf,platt,2,1,0.745995423340961,0.6597070756357654,0.6721311475409836,0.5789473684210527,0.4782608695652174,0.5238095238095238,0.1999645282299027
RCA,rf,iso,2,1,0.7477116704805491,0.6016036424187612,0.6721311475409836,0.5789473684210527,0.4782608695652174,0.5238095238095238,0.1983757900884584
RCA,xgb,raw,2,1,0.7345537757437071,0.5996976866685544,0.7049180327868853,0.6086956521739131,0.6086956521739131,0.6086956521739131,0.19952578842639923
RCA,xgb,platt,2,1,0.7345537757437071,0.5996976866685544,0.7540983606557377,0.7222222222222222,0.5652173913043478,0.6341463414634146,0.19984620809555054
RCA,xgb,iso,2,1,0.7528604118993134,0.5843301625910322,0.6885245901639344,0.5833333333333334,0.6086956521739131,0.5957446808510638,0.20396003127098083
RCA,logreg,raw,2,2,0.7128146453089245,0.5795231806282146,0.7377049180327869,0.7692307692307693,0.43478260869565216,0.5555555555555556,0.21179461479187012
RCA,logreg,platt,2,2,0.7128146453089245,0.5795231806282146,0.7213114754098361,0.7142857142857143,0.43478260869565216,0.5405405405405406,0.21208924055099487
RCA,logreg,iso,2,2,0.7099542334096111,0.563587206928168,0.6721311475409836,0.6666666666666666,0.2608695652173913,0.375,0.21698731184005737
RCA,rf,raw,2,2,0.6636155606407322,0.5776554758657455,0.639344262295082,0.5714285714285714,0.17391304347826086,0.26666666666666666,0.21585912261888152
RCA,rf,platt,2,2,0.6636155606407322,0.5776554758657455,0.6557377049180327,0.6,0.2608695652173913,0.36363636363636365,0.21738582790726138
RCA,rf,iso,2,2,0.6704805491990847,0.567767804258613,0.6721311475409836,0.5882352941176471,0.43478260869565216,0.5,0.22051028993626454
RCA,xgb,raw,2,2,0.7013729977116704,0.5933135449670122,0.639344262295082,0.5294117647058824,0.391304347826087,0.45,0.22316601872444153
RCA,xgb,platt,2,2,0.7013729977116704,0.5933135449670122,0.6557377049180327,0.6,0.2608695652173913,0.36363636363636365,0.20873011648654938
RCA,xgb,iso,2,2,0.6756292906178489,0.5090095460312526,0.6557377049180327,0.6666666666666666,0.17391304347826086,0.27586206896551724,0.21405626833438873
RCA,logreg,raw,2,3,0.7743830787309047,0.7098975821458423,0.7166666666666667,0.6875,0.4782608695652174,0.5641025641025641,0.18319125473499298
RCA,logreg,platt,2,3,0.7743830787309047,0.7098975821458423,0.75,0.7857142857142857,0.4782608695652174,0.5945945945945946,0.18845012784004211
RCA,logreg,iso,2,3,0.7714453584018802,0.6519137207370764,0.7,0.5806451612903226,0.782608695652174,0.6666666666666666,0.19335013628005981
RCA,rf,raw,2,3,0.7320799059929495,0.666134740821702,0.65,0.6,0.2608695652173913,0.36363636363636365,0.2037566492763779
RCA,rf,platt,2,3,0.7320799059929495,0.666134740821702,0.7333333333333333,0.6842105263157895,0.5652173913043478,0.6190476190476191,0.1992573741377034
RCA,rf,iso,2,3,0.726792009400705,0.6057045426866399,0.6333333333333333,0.5555555555555556,0.21739130434782608,0.3125,0.21398968734919593
RCA,xgb,raw,2,3,0.7320799059929495,0.6669493312309049,0.7166666666666667,0.65,0.5652173913043478,0.6046511627906976,0.20124071836471558
RCA,xgb,platt,2,3,0.7320799059929495,0.6669493312309049,0.7,0.6470588235294118,0.4782608695652174,0.55,0.20042255520820618
RCA,xgb,iso,2,3,0.7220916568742657,0.6341669195499412,0.6833333333333333,0.6111111111111112,0.4782608695652174,0.5365853658536586,0.2073853462934494
RCA,logreg,raw,2,4,0.7488038277511961,0.6124571965794058,0.6833333333333333,0.5882352941176471,0.45454545454545453,0.5128205128205128,0.18793584406375885
RCA,logreg,platt,2,4,0.7488038277511961,0.6124571965794058,0.7,0.6428571428571429,0.4090909090909091,0.5,0.18923810124397278
RCA,logreg,iso,2,4,0.7254784688995215,0.5556244260789716,0.7,0.5909090909090909,0.5909090909090909,0.5909090909090909,0.19667315483093262
RCA,rf,raw,2,4,0.7464114832535885,0.5804471311381025,0.7,0.7,0.3181818181818182,0.4375,0.19835216168866632
RCA,rf,platt,2,4,0.7464114832535885,0.5804471311381025,0.7166666666666667,0.6666666666666666,0.45454545454545453,0.5405405405405406,0.19316841422600922
RCA,rf,iso,2,4,0.728468899521531,0.562852998065764,0.6666666666666666,0.5833333333333334,0.3181818181818182,0.4117647058823529,0.19432299382151197
RCA,xgb,raw,2,4,0.7141148325358851,0.5536398611047751,0.7166666666666667,0.6666666666666666,0.45454545454545453,0.5405405405405406,0.21438249945640564
RCA,xgb,platt,2,4,0.7141148325358851,0.5536398611047751,0.7,0.6428571428571429,0.4090909090909091,0.5,0.20682811737060547
RCA,xgb,iso,2,4,0.666866028708134,0.5109666596030232,0.7,0.6111111111111112,0.5,0.55,0.21305519342422485
RCA,logreg,raw,3,0,0.7414187643020594,0.7344286638789914,0.6885245901639344,0.5909090909090909,0.5652173913043478,0.5777777777777777,0.19265979528427124
RCA,logreg,platt,3,0,0.7414187643020594,0.7344286638789914,0.7377049180327869,0.7058823529411765,0.5217391304347826,0.6,0.19265936315059662
RCA,logreg,iso,3,0,0.7202517162471395,0.6423172464028526,0.6885245901639344,0.5833333333333334,0.6086956521739131,0.5957446808510638,0.22598500549793243
RCA,rf,raw,3,0,0.7585812356979406,0.6823279383634073,0.6885245901639344,0.6111111111111112,0.4782608695652174,0.5365853658536586,0.19399937057009004
RCA,rf,platt,3,0,0.7585812356979406,0.6823279383634073,0.6885245901639344,0.6,0.5217391304347826,0.5581395348837209,0.19196630448719415
RCA,rf,iso,3,0,0.7551487414187643,0.6036691145733699,0.7213114754098361,0.6875,0.4782608695652174,0.5641025641025641,0.19087408728530286
RCA,xgb,raw,3,0,0.7551487414187643,0.647699539672734,0.7049180327868853,0.631578947368421,0.5217391304347826,0.5714285714285714,0.19557537138462067
RCA,xgb,platt,3,0,0.7551487414187643,0.647699539672734,0.7049180327868853,0.6923076923076923,0.391304347826087,0.5,0.19396810233592987
RCA,xgb,iso,3,0,0.7625858123569794,0.6299188395250632,0.7213114754098361,0.75,0.391304347826087,0.5142857142857142,0.18864332139492035
RCA,logreg,raw,3,1,0.7265446224256292,0.657853757124837,0.7049180327868853,0.6666666666666666,0.43478260869565216,0.5263157894736842,0.1966562569141388
RCA,logreg,platt,3,1,0.7265446224256292,0.657853757124837,0.7049180327868853,0.6666666666666666,0.43478260869565216,0.5263157894736842,0.19644783437252045
RCA,logreg,iso,3,1,0.7145308924485125,0.6237451970861583,0.6721311475409836,0.6153846153846154,0.34782608695652173,0.4444444444444444,0.2131391167640686
RCA,rf,raw,3,1,0.7597254004576659,0.6833228500683742,0.7049180327868853,0.6923076923076923,0.391304347826087,0.5,0.1967828796556148
RCA,rf,platt,3,1,0.7597254004576659,0.6833228500683742,0.6885245901639344,0.625,0.43478260869565216,0.5128205128205128,0.1928810400465814
RCA,rf,iso,3,1,0.7660183066361556,0.6701761603935517,0.7377049180327869,0.6666666666666666,0.6086956521739131,0.6363636363636364,0.18823743569826776
RCA,xgb,raw,3,1,0.7048054919908467,0.6372566524051475,0.7049180327868853,0.6470588235294118,0.4782608695652174,0.55,0.20896808803081512
RCA,xgb,platt,3,1,0.7048054919908467,0.6372566524051475,0.7049180327868853,0.6666666666666666,0.43478260869565216,0.5263157894736842,0.20495814085006714
RCA,xgb,iso,3,1,0.6916475972540046,0.5563436574498722,0.6557377049180327,0.5416666666666666,0.5652173913043478,0.5531914893617021,0.21403811872005463
RCA,logreg,raw,3,2,0.5903890160183066,0.44289756788114043,0.5081967213114754,0.23076923076923078,0.13043478260869565,0.16666666666666666,0.2497204691171646
RCA,logreg,platt,3,2,0.5903890160183066,0.44289756788114043,0.5245901639344263,0.2857142857142857,0.17391304347826086,0.21621621621621623,0.256165087223053
RCA,logreg,iso,3,2,0.5881006864988558,0.45017401922093725,0.5245901639344263,0.3125,0.21739130434782608,0.2564102564102564,0.2519982159137726
RCA,rf,raw,3,2,0.6086956521739131,0.46191304053303006,0.6065573770491803,0.4444444444444444,0.17391304347826086,0.25,0.22640823490942802
RCA,rf,platt,3,2,0.6086956521739131,0.46191304053303006,0.5409836065573771,0.3076923076923077,0.17391304347826086,0.2222222222222222,0.2357243997780295
RCA,rf,iso,3,2,0.5983981693363845,0.45039018952062426,0.5409836065573771,0.3076923076923077,0.17391304347826086,0.2222222222222222,0.2550614761160685
RCA,xgb,raw,3,2,0.5640732265446224,0.45606865473852387,0.6065573770491803,0.46153846153846156,0.2608695652173913,0.3333333333333333,0.2742711901664734
RCA,xgb,platt,3,2,0.5640732265446224,0.45606865473852387,0.6229508196721312,0.5,0.2608695652173913,0.34285714285714286,0.2451363056898117
RCA,xgb,iso,3,2,0.568649885583524,0.4434279539428281,0.5901639344262295,0.3333333333333333,0.08695652173913043,0.13793103448275862,0.26251161098480225
RCA,logreg,raw,3,3,0.781433607520564,0.6222635918085057,0.7,0.631578947368421,0.5217391304347826,0.5714285714285714,0.19298668205738068
RCA,logreg,platt,3,3,0.781433607520564,0.6222635918085057,0.7,0.631578947368421,0.5217391304347826,0.5714285714285714,0.19340679049491882
RCA,logreg,iso,3,3,0.7720329024676851,0.5930164083925064,0.6833333333333333,0.6428571428571429,0.391304347826087,0.4864864864864865,0.200937420129776
RCA,rf,raw,3,3,0.7720329024676852,0.6023561817056244,0.6833333333333333,0.6666666666666666,0.34782608695652173,0.45714285714285713,0.19897070764842215
RCA,rf,platt,3,3,0.7720329024676852,0.6023561817056244,0.6666666666666666,0.6153846153846154,0.34782608695652173,0.4444444444444444,0.19658250481449543
RCA,rf,iso,3,3,0.7831962397179788,0.623372743452835,0.6833333333333333,0.6666666666666666,0.34782608695652173,0.45714285714285713,0.2097902254113743
RCA,xgb,raw,3,3,0.7767332549941246,0.5987381235586657,0.75,0.7,0.6086956521739131,0.6511627906976745,0.19183626770973206
RCA,xgb,platt,3,3,0.7767332549941246,0.5987381235586657,0.6666666666666666,0.6,0.391304347826087,0.47368421052631576,0.19837480783462524
RCA,xgb,iso,3,3,0.6921269095182139,0.5090069758894921,0.6666666666666666,0.6363636363636364,0.30434782608695654,0.4117647058823529,0.21936103701591492
RCA,logreg,raw,3,4,0.757177033492823,0.6811316267965029,0.7166666666666667,0.6923076923076923,0.4090909090909091,0.5142857142857142,0.18648742139339447
RCA,logreg,platt,3,4,0.757177033492823,0.6811316267965029,0.7,0.75,0.2727272727272727,0.4,0.1930120438337326
RCA,logreg,iso,3,4,0.7541866028708133,0.6319952143815779,0.7166666666666667,0.6666666666666666,0.45454545454545453,0.5405405405405406,0.1880606710910797
RCA,rf,raw,3,4,0.6722488038277512,0.6213567692331795,0.65,0.5454545454545454,0.2727272727272727,0.36363636363636365,0.2098761420232106
RCA,rf,platt,3,4,0.6722488038277512,0.6213567692331795,0.65,0.5454545454545454,0.2727272727272727,0.36363636363636365,0.21003325421925115
RCA,rf,iso,3,4,0.6620813397129186,0.5668576280379933,0.7166666666666667,1.0,0.22727272727272727,0.37037037037037035,0.20744743433728577
RCA,xgb,raw,3,4,0.6602870813397128,0.5729156718004103,0.6666666666666666,0.5555555555555556,0.45454545454545453,0.5,0.2240227907896042
RCA,xgb,platt,3,4,0.6602870813397128,0.5729156718004103,0.6333333333333333,0.5,0.2727272727272727,0.35294117647058826,0.21395114064216614
RCA,xgb,iso,3,4,0.6303827751196172,0.5200503820567104,0.65,0.5384615384615384,0.3181818181818182,0.4,0.21325315535068512
RCA,logreg,raw,4,0,0.782608695652174,0.6565242379857639,0.6885245901639344,0.6,0.5217391304347826,0.5581395348837209,0.1863211840391159
RCA,logreg,platt,4,0,0.782608695652174,0.6565242379857639,0.6885245901639344,0.6,0.5217391304347826,0.5581395348837209,0.1867586076259613
RCA,logreg,iso,4,0,0.784324942791762,0.6248977069742916,0.7049180327868853,0.6666666666666666,0.43478260869565216,0.5263157894736842,0.202030748128891
RCA,rf,raw,4,0,0.7665903890160183,0.6586664732467487,0.7049180327868853,0.7777777777777778,0.30434782608695654,0.4375,0.19871433998089702
RCA,rf,platt,4,0,0.7665903890160183,0.6586664732467487,0.6885245901639344,0.6428571428571429,0.391304347826087,0.4864864864864865,0.19274868539191423
RCA,rf,iso,4,0,0.7236842105263158,0.5520142471137313,0.6885245901639344,0.75,0.2608695652173913,0.3870967741935484,0.20204121351419815
RCA,xgb,raw,4,0,0.7494279176201374,0.6301903181483394,0.6885245901639344,0.6428571428571429,0.391304347826087,0.4864864864864865,0.20156003534793854
RCA,xgb,platt,4,0,0.7494279176201374,0.6301903181483394,0.6229508196721312,0.5,0.21739130434782608,0.30303030303030304,0.2001851201057434
RCA,xgb,iso,4,0,0.7368421052631579,0.5743374732299263,0.6885245901639344,0.6428571428571429,0.391304347826087,0.4864864864864865,0.2052251398563385
RCA,logreg,raw,4,1,0.805491990846682,0.7302310368989213,0.7704918032786885,0.8461538461538461,0.4782608695652174,0.6111111111111112,0.17415554821491241
RCA,logreg,platt,4,1,0.805491990846682,0.7302310368989213,0.7377049180327869,0.8181818181818182,0.391304347826087,0.5294117647058824,0.1765851229429245
RCA,logreg,iso,4,1,0.8043478260869565,0.7085811531463704,0.7049180327868853,0.6,0.6521739130434783,0.625,0.18070589005947113
RCA,rf,raw,4,1,0.7242562929061784,0.6176788210209935,0.6721311475409836,0.6363636363636364,0.30434782608695654,0.4117647058823529,0.2047445504706403
RCA,rf,platt,4,1,0.7242562929061784,0.6176788210209935,0.6721311475409836,0.6,0.391304347826087,0.47368421052631576,0.20168443583437717
RCA,rf,iso,4,1,0.7076659038901602,0.5630823092445348,0.6885245901639344,0.6111111111111112,0.4782608695652174,0.5365853658536586,0.20481363340052788
RCA,xgb,raw,4,1,0.7356979405034324,0.6202391033474809,0.639344262295082,0.5238095238095238,0.4782608695652174,0.5,0.20775826275348663
RCA,xgb,platt,4,1,0.7356979405034324,0.6202391033474809,0.6721311475409836,0.6,0.391304347826087,0.47368421052631576,0.20045876502990723
RCA,xgb,iso,4,1,0.7305491990846682,0.602024591633361,0.639344262295082,0.5294117647058824,0.391304347826087,0.45,0.20054857432842255
RCA,logreg,raw,4,2,0.7048054919908466,0.616448601254582,0.5737704918032787,0.4117647058823529,0.30434782608695654,0.35,0.2042732536792755
RCA,logreg,platt,4,2,0.7048054919908466,0.616448601254582,0.5737704918032787,0.4117647058823529,0.30434782608695654,0.35,0.20287449657917023
RCA,logreg,iso,4,2,0.6973684210526315,0.5726198249160553,0.6229508196721312,0.5,0.4782608695652174,0.4888888888888889,0.2111121267080307
RCA,rf,raw,4,2,0.6670480549199085,0.5127750320415501,0.639344262295082,0.5384615384615384,0.30434782608695654,0.3888888888888889,0.21579151754282574
RCA,rf,platt,4,2,0.6670480549199085,0.5127750320415501,0.6557377049180327,0.5714285714285714,0.34782608695652173,0.43243243243243246,0.21764978365061438
RCA,rf,iso,4,2,0.6716247139588101,0.48794200715724473,0.6721311475409836,0.5882352941176471,0.43478260869565216,0.5,0.21840432909176005
RCA,xgb,raw,4,2,0.6910755148741419,0.5613986806695138,0.6557377049180327,0.5454545454545454,0.5217391304347826,0.5333333333333333,0.22815197706222534
RCA,xgb,platt,4,2,0.6910755148741419,0.5613986806695138,0.6721311475409836,0.5882352941176471,0.43478260869565216,0.5,0.20947904884815216
RCA,xgb,iso,4,2,0.6630434782608696,0.4918277082770998,0.6229508196721312,0.5,0.17391304347826086,0.25806451612903225,0.21261079609394073
RCA,logreg,raw,4,3,0.7356051703877791,0.6668508607334204,0.6833333333333333,0.7,0.30434782608695654,0.42424242424242425,0.19303101301193237
RCA,logreg,platt,4,3,0.7356051703877791,0.6668508607334204,0.7,0.7777777777777778,0.30434782608695654,0.4375,0.19486817717552185
RCA,logreg,iso,4,3,0.7403055229142185,0.6287606281557131,0.7,0.7777777777777778,0.30434782608695654,0.4375,0.19901429116725922
RCA,rf,raw,4,3,0.7579318448883666,0.6776367818246317,0.7,0.7272727272727273,0.34782608695652173,0.47058823529411764,0.19637098055274818
RCA,rf,platt,4,3,0.7579318448883666,0.6776367818246317,0.7166666666666667,0.75,0.391304347826087,0.5142857142857142,0.19134282222227875
RCA,rf,iso,4,3,0.7344300822561692,0.6305542283803154,0.7166666666666667,0.75,0.391304347826087,0.5142857142857142,0.19166509500186216
RCA,xgb,raw,4,3,0.6780258519388954,0.5804969985042703,0.65,0.5714285714285714,0.34782608695652173,0.43243243243243246,0.22530107200145721
RCA,xgb,platt,4,3,0.6780258519388954,0.5804969985042703,0.6666666666666666,0.6363636363636364,0.30434782608695654,0.4117647058823529,0.21244829893112183
RCA,xgb,iso,4,3,0.6609870740305523,0.5453424076021638,0.6166666666666667,0.5,0.34782608695652173,0.41025641025641024,0.2169194519519806
RCA,logreg,raw,4,4,0.6028708133971291,0.5154160446072552,0.6166666666666667,0.4666666666666667,0.3181818181818182,0.3783783783783784,0.23519273102283478
RCA,logreg,platt,4,4,0.6028708133971291,0.5154160446072552,0.6166666666666667,0.4666666666666667,0.3181818181818182,0.3783783783783784,0.23452433943748474
RCA,logreg,iso,4,4,0.610645933014354,0.4826990471755191,0.5833333333333334,0.4444444444444444,0.5454545454545454,0.4897959183673469,0.2427518367767334
RCA,rf,raw,4,4,0.5968899521531099,0.5210707987831248,0.7,0.7,0.3181818181818182,0.4375,0.2277823248827916
RCA,rf,platt,4,4,0.5968899521531099,0.5210707987831248,0.6333333333333333,0.5,0.4090909090909091,0.45,0.2411868712912915
RCA,rf,iso,4,4,0.6094497607655502,0.5027690994990027,0.6666666666666666,0.5714285714285714,0.36363636363636365,0.4444444444444444,0.2379690096452442
RCA,xgb,raw,4,4,0.6339712918660287,0.49230895206817216,0.6333333333333333,0.5,0.45454545454545453,0.47619047619047616,0.24163927137851715
RCA,xgb,platt,4,4,0.6339712918660287,0.49230895206817216,0.65,0.5263157894736842,0.45454545454545453,0.4878048780487805,0.22914402186870575
RCA,xgb,iso,4,4,0.6190191387559808,0.48894150635460787,0.65,0.5333333333333333,0.36363636363636365,0.43243243243243246,0.230599507689476
